,created_at,id_str,full_text,quote_count,reply_count,retweet_count,favorite_count,lang,user_id_str,conversation_id_str,username,tweet_url
0,Fri Oct 06 08:31:45 +0000 2023,1710211228151476424,@genshin_meme_jp çµæ§‹å‰ã®ãƒ•ã‚©ãƒˆãƒŠã®ãƒ—ãƒ­ã®ç”»é¢ã˜ã‚ƒã‚“w,0,0,0,0,ja,1563174810087456770,1710173042247344210,yuucho3308,https://twitter.com/yuucho3308/status/1710211228151476424
1,Fri Oct 06 08:31:45 +0000 2023,1710211227253674257,@Lillybubble we love stealth watching! hehe genshin is more fun than meetings anyway!,0,0,0,0,en,1616858420631736320,1710209548298883290,aerionvt,https://twitter.com/aerionvt/status/1710211227253674257
2,Fri Oct 06 08:31:39 +0000 2023,1710211201320337864,Las ganas que tengo de llegar a casa y jugar al puto Genshin Impact???? DIOS,0,0,0,0,es,1030151891093794816,1710211201320337864,torohikoboshi,https://twitter.com/torohikoboshi/status/1710211201320337864
3,Fri Oct 06 08:31:37 +0000 2023,1710211195888873505,@holly_genshin æ¬¡ã¯äº”æ®µè‘±ã‚’è²·ã†ã¨ã„ã„,0,0,0,0,ja,1338690247618514944,1710206543663452420,Gung_Allium,https://twitter.com/Gung_Allium/status/1710211195888873505
4,Fri Oct 06 08:31:34 +0000 2023,1710211180613013856,@sxm_1324 I really haven't played Genshin in a while,0,0,0,0,en,371447787,1710047592199913500,Stolenbybears,https://twitter.com/Stolenbybears/status/1710211180613013856
5,Fri Oct 06 08:31:31 +0000 2023,1710211169808773260,@Mooji__04 ì•„ ë§ˆìŸˆ ê·¸ê±°í•œëŒ“ì£¸ã…‹ã…‹ã…‹ã…‹ ê·¼ë° ì–¸ì œ ì—´ë¦¬ëŠ”ì§€ ëª°ë¼ì„´ã…‹ã…‹ã…‹ ì§€ê¸ˆ ëª¬ë“œ ì—´ë¦°ê±°ë³´ë©´ ê·¸ê±° í›„ë°˜ë¶€ ì•„ë…€ìš”???,0,0,0,0,ko,1340617622090436611,1710176279184789941,genshin_sam,https://twitter.com/genshin_sam/status/1710211169808773260
6,Fri Oct 06 08:31:31 +0000 2023,1710211169229967681,@LiF_Genshin åŠ©ã‹ã‚‹äººãŒã„ãŸâ€¼ï¸ğŸ˜†ğŸ€,0,0,0,0,ja,1521819735448453125,1710206427271397494,zylztu,https://twitter.com/zylztu/status/1710211169229967681
7,Fri Oct 06 08:31:30 +0000 2023,1710211164716904594,@genshin_ruru30 ã†ã‚“ã£ï¼ï¼ï¼ä»–ã®ã‚­ãƒ£ãƒ©ã®æ–¹ãŒä½œã‚Šã‚„ã™ã‹ã£ãŸã‚Šã—ãŸã‚‰åˆ¥ã«é•ã†ã‚­ãƒ£ãƒ©ã§ã‚‚å¤§ä¸ˆå¤«ã ã‘ã©ã­ã€œâœ¨ï¸âœ¨ï¸,0,0,0,0,ja,1635176861490909185,1710080129006027105,rebreb_lant,https://twitter.com/rebreb_lant/status/1710211164716904594
8,Fri Oct 06 08:31:28 +0000 2023,1710211154927407317,ãƒ‰ãƒ‰ã‚³ã‚¤ãƒ™â€¦â€¦ã‚¯ãƒ¬ãƒ¼ã®ã‚¤ãƒ™ãƒ³ãƒˆå¤šããªã„ï¼Ÿ,0,0,0,0,ja,1596045415929241600,1710211154927407317,Frimun_Genshin,https://twitter.com/Frimun_Genshin/status/1710211154927407317
9,Fri Oct 06 08:31:17 +0000 2023,1710211110878793888,@genshin_ruru30 ç¾å‘³ã—ã‹ã£ãŸã‚ˆwwwğŸ¤¤,0,0,0,0,ja,1076418605082804224,1710060283845091601,tukasa_ka346,https://twitter.com/tukasa_ka346/status/1710211110878793888
10,Fri Oct 06 08:31:17 +0000 2023,1710211109901521324,@B_umail02 ëŠë¹„ì˜ˆíŠ¸,0,0,0,0,ko,1607295261809999872,1710208643680072031,_Adel_Genshin,https://twitter.com/_Adel_Genshin/status/1710211109901521324
11,Fri Oct 06 08:31:15 +0000 2023,1710211101873586230,Time to play Genshin Achievement hunting with HAScontrol. #Vtuber #GenshinImpact  https://t.co/rWovVL0v76 https://t.co/dNsnQJkxnU,0,0,0,0,en,1343845874217041926,1710211101873586230,CouchMogtato,https://twitter.com/CouchMogtato/status/1710211101873586230
12,Fri Oct 06 08:31:12 +0000 2023,1710211088380559567,@Venererkun ambis uts âŒ ambis exploration genshin âœ…,0,0,0,0,fr,1059218345742880768,1710175781786394943,sznthegoat,https://twitter.com/sznthegoat/status/1710211088380559567
13,Fri Oct 06 08:31:10 +0000 2023,1710211081128624588,10/06 20:00ï½ ã‚µãƒ–ã‚¯ã‚¨ï¼Ÿã‚„ã‚Šã¾ã™ã‚ˆãƒ¼  #åŸç¥ #Genshin #ãƒŸãƒ©ãƒ†ã‚£ãƒ– #é…ä¿¡ äºˆå®š https://t.co/1PvdXQaj1I,0,0,0,0,ja,1636582574817677313,1710211081128624588,hazu_shio1215,https://twitter.com/hazu_shio1215/status/1710211081128624588
14,Fri Oct 06 08:31:06 +0000 2023,1710211065467056537,ğŸŒ¿RTs  are appreciated ğŸŒ¿  Haloo!! Aku open PO untuk #Comifuro17 !! Silahkan dicek katalognya ğŸ™‡â€â™€ï¸  ğŸ—“ï¸PO period : 6 Oktober-20 Oktober âœ‰ï¸Mail order dan Pickup booth days (16 &amp  17 Desember 2023) ğŸ’šFandom : Genshin Impact  ğŸ”—https://t.co/pEtks0G7PC  #cf17 #Comifuro17 #GenshinImpact https://t.co/RVMSPbZ4qR,0,0,0,0,in,1611558773528854529,1710211065467056537,Faymichioo,https://twitter.com/Faymichioo/status/1710211065467056537
15,Fri Oct 06 08:31:00 +0000 2023,1710211037562376365,é•·ã‹ã£ãŸ https://t.co/l5cH8xnu5Y,0,0,0,0,ja,1592489722101649408,1710211037562376365,genshin_jagaimo,https://twitter.com/genshin_jagaimo/status/1710211037562376365
16,Fri Oct 06 08:30:47 +0000 2023,1710210986068889770,"Thank you for the tag!  My comfort games are RDR2, FO4, Cytus 1 &amp  2, Control and Genshin :&gt   Tagging: @AlonaMinami  @MorphyVA  @exsyl3  @KhurisuAkibara  @GoodTimesMiko",0,0,0,0,en,1478038495327227907,1710210986068889770,hadasuzume_ch,https://twitter.com/hadasuzume_ch/status/1710210986068889770
17,Fri Oct 06 08:30:42 +0000 2023,1710210965336433090,@jmn_nt_ 62à¸¿ à¸à¸£à¹‰à¸­à¸¡à¹€à¸£à¸´à¹ˆà¸¡à¸„à¹ˆà¸²,0,0,0,0,th,1173379936955985920,1710210757831586269,ourcuti3gurl,https://twitter.com/ourcuti3gurl/status/1710210965336433090
18,Fri Oct 06 08:30:42 +0000 2023,1710210964774338704,@Rudolfy47395 ã‚‹ã©ã‚‹ãµãƒæ°(ï¼Ÿï¼Ÿï¼Ÿ),0,0,0,0,ja,1492479623053312004,1710204316257288600,pc2224_Genshin,https://twitter.com/pc2224_Genshin/status/1710210964774338704
19,Fri Oct 06 08:30:32 +0000 2023,1710210923322015978,@destiny_genshin @J_1yyy hope you're havinga great day!,0,0,0,0,en,1352049368119955456,1710104865802977643,koikue,https://twitter.com/koikue/status/1710210923322015978
20,Fri Oct 06 08:30:32 +0000 2023,1710210922315448600,@_maemuay 20à¸¿ à¸à¸£à¹‰à¸­à¸¡à¹€à¸£à¸´à¹ˆà¸¡à¸™à¸°à¸„à¸°,0,0,0,0,th,1173379936955985920,1710210643834650706,ourcuti3gurl,https://twitter.com/ourcuti3gurl/status/1710210922315448600
21,Fri Oct 06 08:30:32 +0000 2023,1710210920469909871,@bvxrnout MANA BUATKU,0,0,0,0,in,1683354527779667970,1710210753226248499,skarsaa,https://twitter.com/skarsaa/status/1710210920469909871
22,Fri Oct 06 08:30:32 +0000 2023,1710210920029511832,@akiraful HSJSHS perkara ratio folls ğŸ˜­,0,0,0,0,sv,1652386707696930817,1710181452695109791,uviatrix,https://twitter.com/uviatrix/status/1710210920029511832
23,Fri Oct 06 08:30:31 +0000 2023,1710210916204400704,pengen balik active main genshin lagi,0,0,0,0,in,1356588464787972099,1710210916204400704,roIledcheese,https://twitter.com/roIledcheese/status/1710210916204400704
24,Fri Oct 06 08:30:30 +0000 2023,1710210914790891703,"the downgrade... like, what does anything in the Genshin version scream wisened old man to you? https://t.co/Vidx8CwQLu",0,0,0,0,en,1468538288999133187,1710210914790891703,Vicarsolaire,https://twitter.com/Vicarsolaire/status/1710210914790891703
25,Fri Oct 06 08:30:30 +0000 2023,1710210914602127386,@genshin_meme_jp CMãªã‚‰ã“ã‚Œãã‚‰ã„ã‚¤ãƒ³ãƒ‘ã‚¯ãƒˆã‚ã‚‹æ–¹ãŒãŠã‚‚ã‚ã„ã—è¨˜æ†¶ã«æ®‹ã‚Šã‚„ã™ã„ã®ã‹ã‚‚ãª,0,0,0,0,ja,1148965277452816385,1710142840171569251,nonemu203710,https://twitter.com/nonemu203710/status/1710210914602127386
26,Fri Oct 06 08:30:22 +0000 2023,1710210880049434753,ğŸš¨LIVEğŸš¨  yayyyy! Collab with @CouchMogtato achievement hunting in Genshin! Hope to see you there! :love: https://t.co/maBB7DIByb https://t.co/rPNOUqPdgS,0,0,0,0,en,1107117780594098176,1710210880049434753,HaScontrol,https://twitter.com/HaScontrol/status/1710210880049434753
27,Fri Oct 06 08:30:12 +0000 2023,1710210837766709601,"eh iya, aku harus mulai ngasi loyalty card ke cust yang joki dr bulan lalu. gomen... ba satu ini blm sempet2 ngedit  ___ ",0,0,0,0,in,1652386707696930817,1710210837766709601,uviatrix,https://twitter.com/uviatrix/status/1710210837766709601
28,Fri Oct 06 08:29:59 +0000 2023,1710210784234766814,ë¼ì´ëŠë¹„  ëŠë¹„ì˜ˆíŠ¸ ë§ˆìŒ ìê°í•˜ê³  ë‚œ ë‹¤ìŒì—” ìˆ¨ì‰¬ë“¯ì´ ì¢‹ì•„í•˜ëŠ” ê±° ì†”ì§í•˜ê²Œ ë‹¤ ë§í•´ì„œ ë¼ì´ì˜¤ìŠ¬ë¦¬ ë§¤ë²ˆ ì°¸ëŠë¼ ë°”ë¹´ìœ¼ë©´ ë°ì´íŠ¸ í•œë²ˆ í• ë•Œë§ˆë‹¤ ìµœê³  ì‹¬íŒê´€ ìœ„ì—„ì´ê³  ë­ê³  ë‹¤ ì‚¬ë¼ì§€ëŠ” ì¤‘ (ê·¸ì¹˜ë§Œ ì´ë¯¸ ìœ ëª…í•œ í°íƒ€ì¸ ê²Œì´),0,0,0,0,ko,1621930509134888960,1710210784234766814,genshin_ssul,https://twitter.com/genshin_ssul/status/1710210784234766814
29,Fri Oct 06 08:29:38 +0000 2023,1710210695948849376,@Sora_Mitsuyoshi my math paper 1 is still not over but iam grinding genshin!! (Last paper to study),0,0,0,0,en,1523231035130998784,1710185242609557835,haruna86_,https://twitter.com/haruna86_/status/1710210695948849376
30,Fri Oct 06 08:29:32 +0000 2023,1710210668409073705,@Ultimategringa3 @AccelTriple It's dainself from Genshin impact and he looks like Togami,0,0,0,0,en,1542977471557308416,1710206813709480076,2403_angela,https://twitter.com/2403_angela/status/1710210668409073705
31,Fri Oct 06 08:29:31 +0000 2023,1710210665728639474,genuinely how do yall understand the overall plot and lore of genshin if yall canâ€™t even drill it into your heads that mona and scara are not a couple,0,0,0,0,en,1495908525079502851,1710210665728639474,ghcstriley,https://twitter.com/ghcstriley/status/1710210665728639474
32,Fri Oct 06 08:29:29 +0000 2023,1710210656669167748,jajannnn,0,0,0,0,es,1642081142873661441,1710210656669167748,orennoiro,https://twitter.com/orennoiro/status/1710210656669167748
33,Fri Oct 06 08:29:26 +0000 2023,1710210644946096212,"@GENSHINJUALBELI hewwoo! take all jadi 90k aja sama taroo &lt 3 free daicomms dan mats by req selama explore, avail payment qris dan dapet loyalty card!",0,0,0,0,en,1652386707696930817,1710207016839651537,uviatrix,https://twitter.com/uviatrix/status/1710210644946096212
34,Fri Oct 06 08:29:22 +0000 2023,1710210625824002133,@TotallyRobo17,0,0,0,0,qam,1340669433522638857,1710210625824002133,Sea_Dragons27,https://twitter.com/Sea_Dragons27/status/1710210625824002133
35,Fri Oct 06 08:29:19 +0000 2023,1710210613501432014,@aesnodt OH aku bekum terlalu aktif genshin fandom sih pas ituğŸ¤” cuma bagian liat liat aja/?,0,0,0,0,in,1684160827237203968,1710207514091143514,sovereignsty,https://twitter.com/sovereignsty/status/1710210613501432014
36,Fri Oct 06 08:29:17 +0000 2023,1710210608304693377,#Jealuc and #Wriorinde has the potential to become official couple at the end of the genshin story.  (My personal opinion. So don't get offended by it.)  Bye ğŸ‘‹,0,0,0,0,en,1659912973404762113,1710210608304693377,hotarun164877,https://twitter.com/hotarun164877/status/1710210608304693377
37,Fri Oct 06 08:29:17 +0000 2023,1710210606706688324,@Oha_Gi2626 ã“ã¡ã‚‰ã“ãã‚ã‚ŠãŒã¨ã†ğŸ˜Š ã¾ãŸéŠã¼ã†ã­ï½ğŸ€*ã‚œ,0,0,0,0,ja,1153160641177198592,1709594171009622201,soar_genshin,https://twitter.com/soar_genshin/status/1710210606706688324
38,Fri Oct 06 08:29:05 +0000 2023,1710210554680475986,@GENSHINJUALBELI https://t.co/ue3j5JxFKy,0,0,0,0,qme,1516359495898722310,1710207016839651537,altzuha,https://twitter.com/altzuha/status/1710210554680475986
39,Fri Oct 06 08:29:02 +0000 2023,1710210544865890540,TIGHNARI SPREAD x DILUC VAPORIZE | Genshin Impact Spiral Abyss Floor 12 ... https://t.co/FoYbwOHoBz via @YouTube,0,0,0,0,en,2443639682,1710210544865890540,TantrumLance,https://twitter.com/TantrumLance/status/1710210544865890540
40,Fri Oct 06 08:28:55 +0000 2023,1710210515451179344,"@GENSHINJUALBELI Dragonspine 10k Bishui plain 24k Minlin 12k Qiongji Estuary 18k Lisha 16k Sea of clouds 6k  Totalnya 74k aja yuuk. Bisa langsung thadea kerjain sekarang jugaaa, dapet bonus materials nantii &lt 3",0,1,0,0,in,1516359495898722310,1710207016839651537,altzuha,https://twitter.com/altzuha/status/1710210515451179344
41,Fri Oct 06 08:28:51 +0000 2023,1710210498304876954,pinned baruu ğŸ˜½,0,0,0,0,et,1653578995466903552,1710210498304876954,aenther,https://twitter.com/aenther/status/1710210498304876954
42,Fri Oct 06 08:28:51 +0000 2023,1710210498145526180,@hanzoo_genshin è’ç€§ã¯ã¾ã ã‚ã‹ã‚‹ã€‚ ãƒã‚¨ãƒ«ã¯å·¥å¤«ãŒå¿…è¦ã­â€¦ å›å¾©ã¯ç”³ã—åˆ†ãªã„ã‘ã©è¢«å¼¾ãŒå®‰å®šã—ãªã„ã‹ã‚‰ãªâ€¦ãŒã‚“ã°ã£ã¦,0,0,0,0,ja,1571066461808107521,1710084825208807601,kutumoP,https://twitter.com/kutumoP/status/1710210498145526180
43,Fri Oct 06 08:28:49 +0000 2023,1710210488615748004,240 tiros no genshin ğŸ¤¤,0,0,0,0,pt,1130546538688712705,1710210488615748004,astfuhua,https://twitter.com/astfuhua/status/1710210488615748004
44,Fri Oct 06 08:28:47 +0000 2023,1710210481024311422,"... ğŸ§ wtb lfs | wtt lft ph .âœ¦Ë™Ë–    âœ¿â € if trading, â € â € â €ï¹’have: 1pc rossomimi scara â € â € â €ï¹’want: 1pc rossomimi kazuha    âœ¿â € if selling, NO TO OP .áŸ â € â € â €ï¹’prio tingi kazuha â € â € â €ï¹’reply / dm to drop offers  â™¯ï¹’genshin impact pc poca scara scaramouche wanderer https://t.co/NKZUEI8Qev",0,0,1,1,en,1676101612975308801,1710210481024311422,syqhua,https://twitter.com/syqhua/status/1710210481024311422
45,Fri Oct 06 08:28:44 +0000 2023,1710210468768551093,@Vit_Genshin å°å‹ã‚²ãƒ¼ãƒŸãƒ³ã‚°PCï¼Ÿï¼Î£(ãƒ»âˆ€ãƒ»ï¼›) ãã‚“ãªç´ æ™´ã‚‰ã—ã„ç‰©ãŒã‚ã£ãŸã‚“ã§ã™ã­ï¼ãŠå¸ƒå›£ã«å…¥ã‚ŠãªãŒã‚‰ã‚²ãƒ¼ãƒ ãŒå‡ºæ¥ã‚‹ã®ã¯é­…åŠ›çš„ã§ã¯ã‚ã‚Šã¾ã™ãŒã€ã‚„ã£ã±ã‚Šã‚²ãƒ¼ãƒ ã¯ãã¡ã‚“ã¨è…°ã‚’æ®ãˆã¦éŠã³ãŸã„ãªãƒ¼ã¨ã„ã†æ°—æŒã¡ã‚‚ã‚ã‚Šã¾ã™ã€‚åŸç¥ä»¥å¤–ã§ã‚´ãƒ­ãƒƒã¨ã—ãªãŒã‚‰æ“ä½œã—ãŸã„ãªãƒ¼ã¨æ€ãˆã‚‹ã‚¿ã‚¤ãƒˆãƒ«ãŒã‚ã‚Œã°ã„ã„ã®ã§ã™ãŒ â€¦â€¦,0,0,0,0,ja,208454266,1709952090410516652,alba_salad,https://twitter.com/alba_salad/status/1710210468768551093
46,Fri Oct 06 08:28:44 +0000 2023,1710210467388326301,Dzisiaj piÄ…tek pizza piwo genshin https://t.co/5qaIIwuVgi,0,0,0,1,pl,962776508573077504,1710210467388326301,kimo_human03,https://twitter.com/kimo_human03/status/1710210467388326301
47,Fri Oct 06 08:28:40 +0000 2023,1710210453098622985,âš¡Furina burst without zooming in âš¡  #Genshinlmpact #Genshin #Genshinleaks https://t.co/UrF62l3O0q,0,1,7,19,en,2272213034,1710210453098622985,spoonful,https://twitter.com/spoonful/status/1710210453098622985
48,Fri Oct 06 08:28:37 +0000 2023,1710210438510813412,@GrHvvz @genshin_mkn è‡ªåˆ†ã§è²¯ã‚ãªã•ã„æ¨¹è„‚ã‚ã‚‹ã‚„ã‚ğŸ˜,0,0,0,0,ja,1622192330420912129,1710172028937081031,hoyo_g,https://twitter.com/hoyo_g/status/1710210438510813412
49,Fri Oct 06 08:28:34 +0000 2023,1710210428008275983,@genshin_meme_jp ä»Šè€ãˆã‚Œã°ã“ã®å±ˆè¾±ã‹ã‚‰é–‹æ”¾ã•ã‚Œã‚‹ã€è€ãˆã•ãˆã™ã‚Œã°ç¢ºå®šå¤©äº•ã§ãƒ•ãƒªãƒ¼ãƒŠã ã€ã€è€ãˆã‚ã€è€ãˆã‚ã€è€ãˆï½¯ã€ã€,0,0,0,0,ja,1502977812881637380,1710157937900142649,higurasiumineco,https://twitter.com/higurasiumineco/status/1710210428008275983
50,Fri Oct 06 08:28:33 +0000 2023,1710210422589280542,@tabimo_genshin ç„¡æ–™ã‚²ãƒ¼ã§ã“ã‚Œã¨ã‹å®Œæˆåº¦ãŒé«˜ã™ãã¦ä»–ã‚²ãƒ¼ã‚ˆã‚Šé…å¸ƒå°‘ãªãã¦ã‚‚æ–‡å¥è¨€ãˆãªã„ã‚“ã ã‚ˆãªã‚â€¦,0,0,0,0,ja,1316266867439222784,1710128711599611994,kisaragi_rei_0,https://twitter.com/kisaragi_rei_0/status/1710210422589280542
51,Fri Oct 06 08:28:23 +0000 2023,1710210379505410544,@tekito114514 ã¯ï¼Ÿw,0,0,0,0,ja,1625672117504323585,1710209529038934426,gluegun_genshin,https://twitter.com/gluegun_genshin/status/1710210379505410544
52,Fri Oct 06 08:28:21 +0000 2023,1710210373520097320,ä»Šæ—¥ã‹ã‚‰èµ°ã‚Šã¾ã™ã‚‚ã†å§‹ã¾ã£ã¦ã‚‹ã‘ã©ç¬‘  #ãƒŸãƒ©ãƒ†ã‚£ãƒ– #åŸç¥ #Genshin #é…ä¿¡ ä¸­ï¼ https://t.co/jyqcNrpNYo,0,0,0,0,ja,1654689983368957954,1710210373520097320,siyu_41414141,https://twitter.com/siyu_41414141/status/1710210373520097320
53,Fri Oct 06 08:28:19 +0000 2023,1710210361578893794,@genshin_meme_jp å®Ÿå†™ãƒ¬ã‚¤ãƒ©ä»¥å¤–ãã‚ãˆ,0,0,0,0,ja,1584539754749513729,1710142840171569251,xGasgEFq3Plyk5u,https://twitter.com/xGasgEFq3Plyk5u/status/1710210361578893794
54,Fri Oct 06 08:28:17 +0000 2023,1710210356969455723,Hai! Aku ada layout rs Karina dan Ningning 7k each ğŸ’˜ mari jajan kak! #zonauang https://t.co/IM1PLKQaln,0,0,0,0,in,1403903962999246852,1710210356969455723,chdubby,https://twitter.com/chdubby/status/1710210356969455723
55,Fri Oct 06 08:28:13 +0000 2023,1710210337155498199,What's up with this Genshin ad in a Nissin Noodle ad,0,0,0,0,en,1097415663457468416,1710210337155498199,GalaxyIsBeauty,https://twitter.com/GalaxyIsBeauty/status/1710210337155498199
56,Fri Oct 06 08:27:55 +0000 2023,1710210263839117722,@genshin_hanasi ì•„ ëª¨ì•¼ ì „ ìƒˆì‹¹ì´ì‹ ê°€ í–ˆëŠ”ë° í™”ì´íŒ… ì••ìˆ˜í•´ë²„ë¦¬ê¸°~ 36 í•˜ì‹¤ ì •ë„ë©´ 4ì„± ì•„ê°€ë“¤ ëŒíŒŒë„ ì–´ëŠì •ë„ ë˜ì–´ìˆìœ¼ì‹¤í…Œë‹ˆ ì„±ìœ ë¬¼ë§Œ ì£¼ì‹œë©´ ê±°ëœ¬í•˜ê²Œ ë¶€ìˆ˜ê³  ì˜¤ì‹œê² ë„¤ìš”ã…‹ã…‹ã…‹ã…‹ã…‹ã…‹ã…‹ã…‹ã…‹,0,1,0,1,ko,977574797608501249,1710206080129872319,0w0_1919,https://twitter.com/0w0_1919/status/1710210263839117722
57,Fri Oct 06 08:27:49 +0000 2023,1710210239130210415,"@TheMashStan fr though the design of the fgo characters are much better than genshin like ma man oberon,hercules and many others they are just trying to make some big fuss about it ,still they dont even play fgo and try to talk like that Lmao also ignore genshin fans they are just like that",0,0,0,0,en,1576196508307062784,1710163114291810317,nokojanpu,https://twitter.com/nokojanpu/status/1710210239130210415
58,Fri Oct 06 08:27:49 +0000 2023,1710210238979428554,@yahchan88 æœ€å¸Œæœ›è¿˜æ˜¯yaé…±è‡ªå·±å–œæ¬¢ã€‚èº«ä¸ºç²‰ä¸ï¼Œå½“ç„¶å¸Œæœ›yaé…±èƒ½å¤šå¤šå‘æ—¥å¸¸åˆ†äº«ã€‚,0,0,0,0,zh,1596022461870620672,1710207651672658427,Genshin55662233,https://twitter.com/Genshin55662233/status/1710210238979428554
59,Fri Oct 06 08:27:44 +0000 2023,1710210216560882037,@tota_genshin ã‚ãƒ¼ã„ï¼ï¼ï¼ã‚ã‚ŠãŒã¨ã†ï¼,0,0,0,0,ja,1666020791543291904,1710194961021579285,Qlxyen,https://twitter.com/Qlxyen/status/1710210216560882037
60,Fri Oct 06 08:27:40 +0000 2023,1710210201276563507,i rlly need help building my charas on genshin,0,0,0,0,en,1694431162502881280,1710210201276563507,binnieurl,https://twitter.com/binnieurl/status/1710210201276563507
61,Fri Oct 06 08:27:38 +0000 2023,1710210190975627517,"@kusannahida iyah soalnya jarang nemu yg suka, kalo nemu jadi seneng bangettğŸ˜”",0,0,0,0,in,1519772358097088512,1709932984475025882,gimmeyae,https://twitter.com/gimmeyae/status/1710210190975627517
62,Fri Oct 06 08:27:22 +0000 2023,1710210122834665787,genshin qui mâ€™envoie un mail pour fÃªter mes 3 ans sur le jeu mdrrrr Ã§a fait 1 an jâ€™ai pas relapse c pas ajd que jv tomber,0,1,0,0,fr,857137703263100929,1710210122834665787,kuzurvu,https://twitter.com/kuzurvu/status/1710210122834665787
63,Fri Oct 06 08:27:21 +0000 2023,1710210122189099149,Claim login eventâœ¨ https://t.co/A7iIoNwPSb,0,0,0,0,en,1422232274288791552,1679343250682019842,VynzA999,https://twitter.com/VynzA999/status/1710210122189099149
64,Fri Oct 06 08:27:15 +0000 2023,1710210095764914592,@genshin_meme_jp æ”¹è¨‚ç‰ˆ ãƒ•ã‚©ãƒ³ãƒˆé•ã†ã®ã¯è¨±ã—ã¦ https://t.co/n6dLdd1Gq3,0,0,0,0,ja,1603721249355862017,1710188141091627514,taiko57925871,https://twitter.com/taiko57925871/status/1710210095764914592
65,Fri Oct 06 08:27:13 +0000 2023,1710210084981424227,Okay maybe I should play genshin..,0,0,0,0,en,1687733179673886721,1710210084981424227,Ultimategringa3,https://twitter.com/Ultimategringa3/status/1710210084981424227
66,Fri Oct 06 08:27:01 +0000 2023,1710210037006889413,@Ha_03mu_15 @qchamaaaaa @hanzoo_genshin å‰£é—˜å£«ã—ã‹ã­ãˆ(Â´ï¼›Ï‰ï¼›ï½€)ï½³ï½¯â€¦,0,0,0,0,ja,1656673152670507011,1710084825208807601,harunisi1201,https://twitter.com/harunisi1201/status/1710210037006889413
67,Fri Oct 06 08:27:00 +0000 2023,1710210030522511401,ä»Šæ—¥ã‹ã‚‰èµ°ã‚Šã¾ã™ã‚‚ã†å§‹ã¾ã£ã¦ã‚‹ã‘ã©ç¬‘  #ãƒŸãƒ©ãƒ†ã‚£ãƒ– #åŸç¥ #Genshin #é…ä¿¡ ä¸­ï¼ https://t.co/uvUz27mJdD,0,0,0,0,ja,1654689983368957954,1710210030522511401,siyu_41414141,https://twitter.com/siyu_41414141/status/1710210030522511401
68,Fri Oct 06 08:26:45 +0000 2023,1710209968417472545,ç¶ºè‰¯ã€…ã®å£ç´™ã‹ã‚ã„ã„â€¦ğŸ˜‡,0,0,0,1,ja,1534707459327070208,1710209968417472545,RuGENSHIN1,https://twitter.com/RuGENSHIN1/status/1710209968417472545
69,Fri Oct 06 08:26:37 +0000 2023,1710209935559270553,@mizuki5_genshin å…ƒç´ åå¿œã§æˆ¦ã†åŸç¥ã§ã‚³ãƒ¬ã¯ã‚„ã£ã¡ã‚ƒã„ã‘ãªã„ã¨æ€ã„ã¾ã™,0,0,0,0,ja,708766741602521088,1710197938738307213,Brachy_mh,https://twitter.com/Brachy_mh/status/1710209935559270553
70,Fri Oct 06 08:26:35 +0000 2023,1710209928487444877,Avg genshin player,0,0,0,0,en,1512053352581971969,1710209836829258027,gaylittlelunlun,https://twitter.com/gaylittlelunlun/status/1710209928487444877
71,Fri Oct 06 08:26:33 +0000 2023,1710209917905170543,oggi sveglia da fin troppe ore mi serve un bel farming su genshin per riprendermi,0,1,0,0,it,1476917891580801027,1710209917905170543,kazhuai,https://twitter.com/kazhuai/status/1710209917905170543
72,Fri Oct 06 08:26:25 +0000 2023,1710209885642825952,@LavatiaLaflarld i just notice we have the same eye color  what are the oddsğŸ˜‚ https://t.co/JDOtZAuUw5,0,0,0,0,en,877491537491271680,1710193848423760109,kuroo07,https://twitter.com/kuroo07/status/1710209885642825952
73,Fri Oct 06 08:26:24 +0000 2023,1710209881243082757,10/06 21:00ï½ åŸç¥ã™ã‚‹ã‚ˆ ä¸€å¿œå‚åŠ å‹ï¼  #åŸç¥ #Genshin #ãƒŸãƒ©ãƒ†ã‚£ãƒ– #é…ä¿¡ äºˆå®š https://t.co/J6cCjIlX7U,0,0,0,0,ja,1422832947015479299,1710209881243082757,akasan_922,https://twitter.com/akasan_922/status/1710209881243082757
74,Fri Oct 06 08:26:21 +0000 2023,1710209867708092417,"I'm betting you someone in hoyoverse is so absolutely in love with him, like, genuinely loves him so much. Look at his animation, look at his expressions, remember when official genshin impact acc defended him from the site clear bug? I too know him. His name is Alhaith",0,1,0,10,en,1499096449350778880,1710209867708092417,bigdonghthm,https://twitter.com/bigdonghthm/status/1710209867708092417
75,Fri Oct 06 08:26:14 +0000 2023,1710209839413305380,@SHO86043201 ãªã‚“ã‹ã‚‚ã†ã€ã€ä¿ºã‚‰ã®å°‘å¹´æ™‚ä»£ãŒè©°ã¾ã£ã¦ã‚‹ã‚ã“ã®æ©Ÿä½“ã«,0,0,0,0,ja,1389755384487837699,1710124650150424995,Manjyu_genshin,https://twitter.com/Manjyu_genshin/status/1710209839413305380
76,Fri Oct 06 08:26:10 +0000 2023,1710209823084511605,"How neuro divers are you?  Well im listening to hour long vocaloid playlists while farming rocks in genshin, drinking to much cofffee, while thinking about haikaveh as my hyper fixation.",0,0,0,0,en,1650078668784279552,1710209823084511605,CuteBunnyLife,https://twitter.com/CuteBunnyLife/status/1710209823084511605
77,Fri Oct 06 08:26:08 +0000 2023,1710209812041232561,"Kemaren pas nonton Petualangan Sherina 2 langsung ngerasa bjir inimah gue nonton hubungan gue sm nathan selama ini (relate bgt sm sherina &amp  sadam), then barusan randomly nonton MV Mengenang Bintang and voila https://t.co/bH3qb7CoH7",0,0,0,1,in,1372507728891973632,1710209812041232561,paradisaeu,https://twitter.com/paradisaeu/status/1710209812041232561
78,Fri Oct 06 08:26:04 +0000 2023,1710209797520535969,ã€cosplay/ã‚³ã‚¹ãƒ—ãƒ¬ã€‘  âœ©Genshin Impact / åŸç¥/ç¾©å…„å¼Ÿ      Diluc                    ãƒ‡ã‚£ãƒ«ãƒƒã‚¯     Kaeya                  ã‚¬ã‚¤ã‚¢        photo:æœ”å¤œã•ã‚“(@sakuya8drawing ) studio:@aiRoute_osaka https://t.co/ukcjSSgh7l,0,0,1,2,ja,1445297087864705027,1710209797520535969,aawayuki_,https://twitter.com/aawayuki_/status/1710209797520535969
79,Fri Oct 06 08:26:03 +0000 2023,1710209791350722936,need to finish my hw first before i continue my genshin grind pls,0,0,0,2,en,1663743815579238402,1710209791350722936,jingyvl_,https://twitter.com/jingyvl_/status/1710209791350722936
80,Fri Oct 06 08:25:59 +0000 2023,1710209774598656024,ã²ã‚ˆã“ã®ç´ æå‰ã‹ã‚‰ä½¿ã£ã¦ã¿ãŸã‹ã£ãŸã‚“ã§ã™ã‚,0,0,0,0,ja,1489190507540406273,1710209774598656024,genshin_ddkdk,https://twitter.com/genshin_ddkdk/status/1710209774598656024
81,Fri Oct 06 08:25:55 +0000 2023,1710209759687881005,Genshinku smooth lagi akhirnyaaaaaaaaaa ğŸ˜­ğŸ˜­ğŸ˜­,0,0,0,0,in,1009827166190649344,1710209759687881005,lyonnsato,https://twitter.com/lyonnsato/status/1710209759687881005
82,Fri Oct 06 08:25:51 +0000 2023,1710209744055701946,@genshin_meme_jp ã»ã‚“ã¨ã«ãƒŒãƒ´ã‚£ãƒ¬ãƒƒãƒˆã®ãƒ‰ãƒ­ãƒãƒ³ç«åŠ›ã‚„ã°ã„w,0,0,0,0,ja,1563174810087456770,1710157937900142649,yuucho3308,https://twitter.com/yuucho3308/status/1710209744055701946
83,Fri Oct 06 08:25:51 +0000 2023,1710209741757247837,@too_matokirai90 (-.-)ï½±ï½¿,0,0,0,1,ja,1395093716633722883,1710194982630596731,Lupi_genshin,https://twitter.com/Lupi_genshin/status/1710209741757247837
84,Fri Oct 06 08:25:50 +0000 2023,1710209740272554190,@Vit_Genshin ã“ã®æƒ…æ™¯ã‹ã‚‰è‰²ã€…ãªç‰©èªãŒèª­ã¿å–ã‚Œã‚‹ã‚ˆã†ã§ã€ã¾ã‚‹ã§å°èª¬ã®æŒ¿ã—çµµã®ã‚ˆã†ãªç´ æ•µãªä¸€æšã§ã™ğŸ¥¹,0,0,0,0,ja,208454266,1710207820845768864,alba_salad,https://twitter.com/alba_salad/status/1710209740272554190
85,Fri Oct 06 08:25:49 +0000 2023,1710209732705980706,@holly_genshin å‘¼ã‚“ã ï¼Ÿ,0,1,0,0,ja,1338690247618514944,1710206543663452420,Gung_Allium,https://twitter.com/Gung_Allium/status/1710209732705980706
86,Fri Oct 06 08:25:44 +0000 2023,1710209715249279175,@arleslvr Omg isn't that person a genshin content creator HELP1??1?1 ğŸ˜­ğŸ˜­ğŸ˜­ğŸ˜­,0,1,0,1,en,1673736421063159808,1710209439272505382,fairieum,https://twitter.com/fairieum/status/1710209715249279175
87,Fri Oct 06 08:25:42 +0000 2023,1710209704184701196,@genshin_meme_jp è¨€ã†ã»ã©å¬ä½¿æ‚ªã„ã“ã¨ã—ã¦ãªã•ãã†â€¦ã¨æ€ã£ãŸã‘ã©ã€ã‚ˆãã‚ˆãè€ƒãˆãŸã‚‰åŸ·è¡Œå®˜ã¨ã—ã¦ã‚„ã‚‹ã“ã¨ã‚„ã£ã¦ãŸã‹ã€‚,0,0,0,0,ja,67916848,1710188141091627514,nozomu0321,https://twitter.com/nozomu0321/status/1710209704184701196
88,Fri Oct 06 08:25:41 +0000 2023,1710209699516400088,@genshin_meme_jp ã™ã¾ã‚“ãªå¾€ç”Ÿå¤œè¡Œâ€¦å¾Œèƒ¡æ¡ƒã ã‘ãªã‚“ã‚„,0,0,0,0,ja,1492021760916480000,1710157937900142649,Inumaru_tukiya,https://twitter.com/Inumaru_tukiya/status/1710209699516400088
89,Fri Oct 06 08:25:40 +0000 2023,1710209697146683516,@NaNan2234 à¸à¹‰à¸­à¸¡à¹„à¸›à¸„à¹‰à¸²à¸š ğŸ’ https://t.co/aVUR2CHch5,0,0,0,0,th,1173379936955985920,1710209525842940237,ourcuti3gurl,https://twitter.com/ourcuti3gurl/status/1710209697146683516
90,Fri Oct 06 08:25:29 +0000 2023,1710209649411338399,"spare me some moots to interact w on my study breaks ğŸ™  -any pronouns, 17 - ENG / ä¸­ / BM -i draw !! - idv, genshin (redownloading after big exams i hope), mc -webtoon cherry crushğŸ¤— -rcbyf !!  rt or like to be moots ! #twsttwt #idvtwt #csmtwt #jjktwt #cherrycrushtwt #anitwt https://t.co/CpTCLj0ayj",0,0,0,0,en,1554161108487110656,1710209649411338399,fishjclly,https://twitter.com/fishjclly/status/1710209649411338399
91,Fri Oct 06 08:25:22 +0000 2023,1710209620445385153,@kt19863 @genshin_meme_jp åƒ•ã¯ãƒ•ãƒªãƒ¼ãƒŠã®ç¬‘é¡”ãŒè¦‹ã‚Œã‚Œã°ãã‚Œã§ã„ã„ã§ã™,0,0,0,0,ja,1505168727112704006,1710157937900142649,KO5035123,https://twitter.com/KO5035123/status/1710209620445385153
92,Fri Oct 06 08:25:18 +0000 2023,1710209605572440482,@Rey17Here @encoword The green line problem is with every brand .,0,0,0,0,en,1649422305783685127,1710201086068523513,Genshin75625901,https://twitter.com/Genshin75625901/status/1710209605572440482
93,Fri Oct 06 08:25:13 +0000 2023,1710209584219258900,kangen ngequest genshin  ___  pengen liat umin menjadi mc kulbet yang dibikin stress sama orang teyvat,0,0,0,0,in,1652386707696930817,1710209584219258900,uviatrix,https://twitter.com/uviatrix/status/1710209584219258900
94,Fri Oct 06 08:25:13 +0000 2023,1710209582449238454,ã–ã“ã‚,0,0,0,0,ja,1539394076591915008,1710209582449238454,GenshinJiyu,https://twitter.com/GenshinJiyu/status/1710209582449238454
95,Fri Oct 06 08:25:07 +0000 2023,1710209558583640068,@Sakura_Engasaki ã™ããƒ¼ãƒ¼ï¼,0,0,0,0,ja,1383717848392994820,1710207688083488927,sakana_Genshin,https://twitter.com/sakana_Genshin/status/1710209558583640068
96,Fri Oct 06 08:24:59 +0000 2023,1710209525075370489,ãŠç›®å½“ã¦ã®ã‚„ã¤ã˜ã‚ƒãªã„ã‘ã©å‘ªè¡“ã®ã‚¬ãƒãƒ£ã„ã£ã±ã„å‡ºæ¥ãŸã‹ã‚‰æº€è¶³ã—ã¦å¸°å®…ã™ã‚‹,0,0,0,0,ja,1519221675803381761,1710209525075370489,Mikan_Genshin,https://twitter.com/Mikan_Genshin/status/1710209525075370489
97,Fri Oct 06 08:24:58 +0000 2023,1710209521011101991,Why are there eidolons in liyue??  Â©ï¸ u/Awkward_h1d  #Genshinlmpact #Genshin #GenshinMemes https://t.co/NX3QEDXQal,0,3,1,14,en,1092176682125910016,1710209521011101991,teyvattabloid,https://twitter.com/teyvattabloid/status/1710209521011101991
98,Fri Oct 06 08:24:54 +0000 2023,1710209504582013147,"Pas ribet skripsi, main game ini Pas sibuk belajar ujian kompetensi mainnya genshin ğŸ˜‚ Tiap fase hidup ada aja game yg lagi asik dimainin  ğŸ˜Œ",0,0,0,0,in,80826469,1710209504582013147,panininiac,https://twitter.com/panininiac/status/1710209504582013147
99,Fri Oct 06 08:24:52 +0000 2023,1710209494578233424,@Ashikai you articulated my thoughts PERFECTLY! even the part about pulling not feeling satisfying QwQ i have this issue too with honkai impact 3rd - pulling just... doesn't hit like wishing in genshin does. But ofc the most important thing is that i also feel like the story is not there,0,0,0,0,en,3342554512,1709959569839968531,xmrmoonlight,https://twitter.com/xmrmoonlight/status/1710209494578233424
100,Fri Oct 06 08:24:49 +0000 2023,1710209484386426902,@genshin_hanasi ê·¸ ì¸µë‹¹ ë³„ 1ê°œì”©ë§Œ ë°›ê±°ë‚˜ ì–´ì°Œì €ì°Œ 3ë³„ì”©ë§Œ ì±„ì›Œë„ ì›ì„ ì°”ë”ì”© ë°›ìœ¼ë‹ˆ ì•ë¶€ë¶„ë§Œ ì°ë¨¹ í•´ë³´ì‹œëŠ” ê²ƒë‘ ì¢‹ì•„ìš”! í˜¹ì‹œ ì§€ê¸ˆ ë ˆë²¨ì´ ì–´ëŠì •ë„ ë˜ì‹œëŠ”ì§€ ì—¬ì­¤ë´ë‘ ë ê¹Œìš”?,0,1,0,0,ko,977574797608501249,1710206080129872319,0w0_1919,https://twitter.com/0w0_1919/status/1710209484386426902
101,Fri Oct 06 08:24:45 +0000 2023,1710209463930806621,"@6baji hshshs you're booked and busy. ditunggu kak up genshin, hsr, dan bllk (maaf maruk) ğŸ˜",0,0,0,0,in,1343530655934685184,1710208369842393275,seeishu,https://twitter.com/seeishu/status/1710209463930806621
102,Fri Oct 06 08:24:34 +0000 2023,1710209420905287892,"Catora esta haciendo amigos en el genshin... Y LO ODIA. GENSHIN IMPACT SIGUE SIENDO CRINGE! Tsk, Â¿por que me he obsesionado tanto con esta cosa...? Es un buen juego. Pero sigue siendo cringe. UGGHHHHHHHHHHHHHH",0,0,0,0,es,1058656960059506688,1710209420905287892,CatoraWasTaken,https://twitter.com/CatoraWasTaken/status/1710209420905287892
103,Fri Oct 06 08:24:27 +0000 2023,1710209392325669107,åˆè¦‹å‚åŠ ï¸â­•ï¸é›‘è«‡ã€ç›¸è«‡ï¸â­•ï¸ç³é›†ã‚ã‹ã‚‰é€ƒã’ã¦ã¾ã™ã€‚  #ãƒŸãƒ©ãƒ†ã‚£ãƒ– #åŸç¥ #Genshin #é…ä¿¡ ä¸­ï¼ https://t.co/j1jBdOuXAT,0,0,0,0,ja,1614889752725159936,1710209392325669107,shunkaze051607,https://twitter.com/shunkaze051607/status/1710209392325669107
104,Fri Oct 06 08:24:25 +0000 2023,1710209383655985437,Tehe! WTP hu tao 270+ cdm finally! Tinggal cari circlet yg lebih waras cr nya https://t.co/LCZirmERsC,1,1,0,1,in,1318848121498075136,1710209383655985437,paimonfess,https://twitter.com/paimonfess/status/1710209383655985437
105,Fri Oct 06 08:24:25 +0000 2023,1710209382934544705,@yu_genshin ãªã‹ãªã‹æ²»ã‚‰ãªãã¦( Â´â€¢Ì¥Ì¥Ì¥Ï‰â€¢Ì¥Ì¥Ì¥`) ç„¡äº‹çµ‚ã‚ã£ãŸã‹ã‚‰ã‚†ã£ãã‚Šä¼‘ã¿ã¾ã™ãƒ½(â€¢Ì€Ï‰â€¢Ì )ã‚,0,0,0,0,ja,1371026880208330753,1710129064600809688,melon_menou,https://twitter.com/melon_menou/status/1710209382934544705
106,Fri Oct 06 08:24:24 +0000 2023,1710209379818254382,@Misaki_Genshin ãŠç–²ã‚Œæ§˜â˜ºï¸,0,0,0,0,ja,1669397856963395584,1710207813392429402,Hyuga_GNSN,https://twitter.com/Hyuga_GNSN/status/1710209379818254382
107,Fri Oct 06 08:24:24 +0000 2023,1710209378274754584,"@genshinBTS ini 45k ya, sender ğŸ˜„ bonus aneka mats dan treasures yang ditemui ğŸ˜†â˜˜ï¸  âœ… detailed report via chat âœ… folder gdrive berisi ss terkait âœ… avail qris ğŸ¤ handled your acc with lots of love",0,0,0,0,en,1202964068614541312,1710207904832463283,icedcoffez,https://twitter.com/icedcoffez/status/1710209378274754584
108,Fri Oct 06 08:24:16 +0000 2023,1710209345655549980,"@destiny_genshin Do not give up, there is light at the end of the tunnel",0,0,0,0,en,346142724,1710104865802977643,TakameShiori,https://twitter.com/TakameShiori/status/1710209345655549980
109,Fri Oct 06 08:24:10 +0000 2023,1710209319621562515,@genshinBTS 40k all clear yuuk sama ai &lt 3 dapet loyalty card loh &gt ___&lt  https://t.co/o0Z1wg4glD,0,0,0,0,in,1624359843313369089,1710207904832463283,wballadeer,https://twitter.com/wballadeer/status/1710209319621562515
110,Fri Oct 06 08:24:04 +0000 2023,1710209292165697536,@syake_gs ã‚„ã‚ã‚„ã‚ã€œï¼ï¼ğŸ™ŒğŸ»,0,0,0,0,ja,1540580190983954432,1710190453814079648,tota_genshin,https://twitter.com/tota_genshin/status/1710209292165697536
111,Fri Oct 06 08:23:54 +0000 2023,1710209251530944988,Este juego es rollo Genshin? Me ha llamado la atenciÃ³n.,0,0,0,1,es,3077967665,1710209251530944988,tamaranc01,https://twitter.com/tamaranc01/status/1710209251530944988
112,Fri Oct 06 08:23:50 +0000 2023,1710209236855353815,@genshin_meme_jp åŒã˜ã ã‚ˆâ€¦w,0,0,0,0,ja,1628730104791826432,1709780452452806941,UAPpsqfjeWp0jDz,https://twitter.com/UAPpsqfjeWp0jDz/status/1710209236855353815
113,Fri Oct 06 08:23:44 +0000 2023,1710209210041147404,@genshin_meme_jp ãƒ•ãƒªãƒ¼ãƒŠæ¨ã—ã ã‹ã‚‰å‡¸ã®ãŸã‚çµ¶å¯¾ã«å¼•ã‘ãªã„â€¦ ãƒ¯ãƒ³ãƒãƒ£ãƒ³å‡¸ã™ã‚Œã°ã‚¢ã‚¿ãƒƒã‚«ãƒ¼ã«ãªã£ã¦ãã‚Œã‚‹ã‚“ã˜ã‚ƒã¨å¸Œæœ›çš„è¦³æ¸¬ https://t.co/wJOcOGmc3v,0,0,0,0,ja,1681144021308280832,1710157937900142649,chrys2nd,https://twitter.com/chrys2nd/status/1710209210041147404
114,Fri Oct 06 08:23:41 +0000 2023,1710209197760274823,@Reby_Genshin é‡ç”£ã§ãã‚‹æ§˜ã«ã—ã¦ã»ã—ã„ã§ã™ã‚ˆã­ğŸ«¶,0,0,0,0,ja,1236312454142935041,1709904720612282610,mii__na31,https://twitter.com/mii__na31/status/1710209197760274823
115,Fri Oct 06 08:23:38 +0000 2023,1710209185038905380,@iamemxi I shower in the bathroom. Duh,0,0,0,0,en,923747699299573761,1654593426426576896,LuisDannyRamir1,https://twitter.com/LuisDannyRamir1/status/1710209185038905380
116,Fri Oct 06 08:23:34 +0000 2023,1710209168781517181,Genshin oynamak istiyorum,0,0,0,3,tr,1387038029571780611,1710209168781517181,thinkabthyuninn,https://twitter.com/thinkabthyuninn/status/1710209168781517181
117,Fri Oct 06 08:23:31 +0000 2023,1710209155733340343,@genshin_meme_jp ãˆãƒ¬ã‚¤ãƒ©ã®ã‚«ãƒƒãƒ—ãƒŒãƒ¼ãƒ‰ãƒ«ãŸã¹ãŸãƒâ€¦â€¦,0,0,0,0,ja,1410186578127843331,1710142840171569251,koharu_sky0,https://twitter.com/koharu_sky0/status/1710209155733340343
118,Fri Oct 06 08:23:27 +0000 2023,1710209137005744249,@genshin_meme_jp ç§ã€ãƒªã‚ªã‚»ã‚¹ãƒªã•ã‚“å¾…ã¡ã®å¾®èª²é‡‘å‹¢â€¦â€¦ã€‚ãƒ•ãƒªãƒ¼ãƒŠã‚¹ãƒ«ãƒ¼ã›ã–ã‚‹ã‚’å¾—ãªã„ã€‚ã¯ã¯â€¦,0,0,0,0,ja,1068884014390378496,1710157937900142649,50chankawa11,https://twitter.com/50chankawa11/status/1710209137005744249
119,Fri Oct 06 08:23:25 +0000 2023,1710209129325719695,ğŸ‘‡ #drawing #FanArt #Anime #genshin ï¼ƒåŸç¥ #ãƒªãƒ #å²¸å¤§æ²³ https://t.co/JNVIvaU5nA,0,0,0,0,qme,1541058211511291904,1710209129325719695,DavidFa41557114,https://twitter.com/DavidFa41557114/status/1710209129325719695
120,Fri Oct 06 08:23:19 +0000 2023,1710209106320167367,Dabis lgi error kah?,0,0,0,0,in,1549761204117073920,1710209106320167367,fremniet,https://twitter.com/fremniet/status/1710209106320167367
121,Fri Oct 06 08:23:17 +0000 2023,1710209096350326895,"@GENSHINJUALBELI totalnya 90k ya, sender ğŸ˜„ bonus aneka mats dan daicom di hari pengerjaan ğŸ˜†â˜˜ï¸  âœ… detailed report via chat âœ… folder gdrive berisi ss terkait âœ… avail qris ğŸ¤ handled your acc with lots of love",0,0,0,0,in,1202964068614541312,1710207016839651537,icedcoffez,https://twitter.com/icedcoffez/status/1710209096350326895
122,Fri Oct 06 08:23:16 +0000 2023,1710209093233987776,@yukiky_genshin ã‚ã‚ŠãŒã¨ã†(â‹†á´—ÍˆË¬á´—Íˆ)â€,0,0,0,0,ja,1258291836872847360,1710202044643180650,20040822_taku,https://twitter.com/20040822_taku/status/1710209093233987776
123,Fri Oct 06 08:23:10 +0000 2023,1710209067841659078,i love genshin impact https://t.co/GZ6pFzlGnz,0,0,0,0,en,726392745053417472,1710209067841659078,tianquaning,https://twitter.com/tianquaning/status/1710209067841659078
124,Fri Oct 06 08:23:09 +0000 2023,1710209064796590510,@genshin_019 ã…‹ã…‹ã…‹ã…‹ã…‹ã…‹ ê·¸ëŸ´ê¹Œìš© ìˆ˜ìƒí•˜ê²Œ ë¿” ë§ì´ ë‹¬ë¦° í‘œë²”ìœ¼ë¡œ ë§Œë“¤ì–´ë²„ë¦¬ê¸°...,0,1,0,0,ko,1626253443072655360,1710196236031295620,yeoiel_G,https://twitter.com/yeoiel_G/status/1710209064796590510
125,Fri Oct 06 08:23:05 +0000 2023,1710209045800599562,1st Client ğŸ«¶   Fontaine Research Institute Chronicles World Quest Done âœ” Thank you so much for availing my services! @kamisatussy ğŸ«¶ {#KleyGenshinPilotVouches} https://t.co/G9Ww1RXM6o,0,0,0,0,en,1680603588505251840,1710209045800599562,Kley_pilotsrvc,https://twitter.com/Kley_pilotsrvc/status/1710209045800599562
126,Fri Oct 06 08:23:03 +0000 2023,1710209040180203870,@genshin_sun ã‚ã–ã—ãŸï¼ã™ã”ã„è‰¯ã‹ã£ãŸã§ã™ğŸ˜Š,0,0,0,0,ja,1621900840645857281,1710202619824865575,Z55wTYfMwtkH2GZ,https://twitter.com/Z55wTYfMwtkH2GZ/status/1710209040180203870
127,Fri Oct 06 08:23:00 +0000 2023,1710209026301349922,"my Genshin OC was designed to wear blindfold like that one singing Harbinger on Winter Night's Lazzo (forgot her name) even before WNL out  I better change it to anything else non-blindfolded but still functioning as eyes cover""..""",0,0,0,0,en,1488379834233671682,1710209026301349922,NamSilhan,https://twitter.com/NamSilhan/status/1710209026301349922
128,Fri Oct 06 08:22:52 +0000 2023,1710208991123439888,Me everyday with or without alcohol,0,0,0,0,en,1437813565344321541,1710208991123439888,Xiao0030,https://twitter.com/Xiao0030/status/1710208991123439888
129,Fri Oct 06 08:22:41 +0000 2023,1710208943790928171,é¡æµã®ç›®ã¯ãƒã‚¤ãƒ©ã‚¤ãƒˆãªã—ã®æ–¹ãŒå¥½è©•ãªã®ã«ã“ã®ã¾ã¾å¤‰æ›´ã—ã¡ã‚ƒã†ã®ã‹ã­ã€œ( â€¢ï¸ Ëâ€¢ï¸¡ ),0,0,0,0,ja,1331267563435614211,1710208943790928171,NinaGenshin,https://twitter.com/NinaGenshin/status/1710208943790928171
130,Fri Oct 06 08:22:36 +0000 2023,1710208924228763944,Orang sinting hpnya apa ga mbledug sore ini dia donlot genshinğŸ˜­,0,0,0,0,in,1515855309884952578,1710205913305608423,bunnyangmei,https://twitter.com/bunnyangmei/status/1710208924228763944
131,Fri Oct 06 08:22:32 +0000 2023,1710208908332335235,íŒ¨ìŠ¤íŠ¸ í¬ì›Œë“œ ë“£ê³ ìˆëŠ”ë° ì•¼ë€ì–¸ë‹ˆê°€ ì¶”ë©´ ì©”ê²Ÿë‹¤...,0,0,0,0,ko,1180655276627595264,1710208908332335235,genshin_1223,https://twitter.com/genshin_1223/status/1710208908332335235
132,Fri Oct 06 08:22:30 +0000 2023,1710208899645919457,@HutaoCu_8296 à¸ªà¸­à¸šà¸–à¸²à¸¡à¹„à¸”à¹‰à¸„à¹‰à¸²à¸š ğŸ’˜ https://t.co/zompE6jPNv,0,0,0,0,th,1173379936955985920,1710207442834133349,ourcuti3gurl,https://twitter.com/ourcuti3gurl/status/1710208899645919457
133,Fri Oct 06 08:22:26 +0000 2023,1710208883090915583,@too_matokirai90 ã»ã‚“ã¾ã«èã„ã¦æ¬²ã—ã„ãªã‚‰èãã‘ã©ğŸ¤¬,0,1,0,0,ja,1395093716633722883,1710194982630596731,Lupi_genshin,https://twitter.com/Lupi_genshin/status/1710208883090915583
134,Fri Oct 06 08:22:22 +0000 2023,1710208868222161157,@SabStar_Genshin æœªæ‰€æŒ+èª¿ã¹ãªã—ã®å®Œå…¨ã‚¨ã‚¢ãƒ—ã§è¨€ã£ã¡ã‚ƒã£ãŸâ˜† ç‰ã®ç”ŸæˆåŠ¹æœã¯çˆ†ç™ºãªã‚“ã ã­ã€ã€ã€ãªã‚‰ã—ã‚ç¸„ç„¡ã—ã ğŸ˜© ãƒ•ã‚¡ãƒ³ãƒˆãƒ 4ãŒåœ§å€’çš„ã ã‘ã©æ²ˆæ·ªã‚‚ã‚„ã£ã±ã‚Šå¼·ã„ã‚ˆã­ğŸ˜Œ,0,0,0,0,ja,1585249418332508160,1710137181300560290,LimitedtoLipton,https://twitter.com/LimitedtoLipton/status/1710208868222161157
135,Fri Oct 06 08:22:20 +0000 2023,1710208856247459900,zhongli is not a dragon debate makes me believe atp genshin should just go ahead and put literal data on what characters areğŸ˜­ cuz some of yall be pulling shit out of your ass,0,1,0,0,en,1149655762580340736,1710208856247459900,sadtoruuu,https://twitter.com/sadtoruuu/status/1710208856247459900
136,Fri Oct 06 08:22:19 +0000 2023,1710208852418048154,I'd like to thank my friends on genshin for letting me sneak in their teapot and steal their chubby,0,0,0,0,en,1463410728711319554,1710208852418048154,yooniekae,https://twitter.com/yooniekae/status/1710208852418048154
137,Fri Oct 06 08:22:17 +0000 2023,1710208846541521232,"@PhillyBeatzU They have to make you discover the map piece by piece, like in Genshin with the Seven Statues or in Botw with the Sheikah Towers. They could even add weather that actively affects the exploration like in Zelda",0,0,0,0,en,1019969061185376256,1709096326070231546,KChips_,https://twitter.com/KChips_/status/1710208846541521232
138,Fri Oct 06 08:22:09 +0000 2023,1710208811888255025,@IchLacheDE @Genshin_Box realest,0,0,0,0,en,1326876288540348416,1709884219370111155,tartagliasluvr,https://twitter.com/tartagliasluvr/status/1710208811888255025
139,Fri Oct 06 08:22:07 +0000 2023,1710208805022364028,ba loyo mager update testi. keknya udah kesebut smua ya? ğŸ™ğŸ»,0,0,0,0,in,1488636862591758337,1710208805022364028,dotzore,https://twitter.com/dotzore/status/1710208805022364028
140,Fri Oct 06 08:22:05 +0000 2023,1710208793148350742,@genshin_hanasi ê·¼ë° ì´ë²ˆì— ë‚˜ì„ ë“¤ ëª¹ í”¼í†µì´ ë„ˆë¬´ ì»¤ì ¸ì„œ ê¸°ì¡´ 60ë ™ ê³ ì¸ë¬¼ë“¤ë„ í˜ë“¤ì–´í•˜ë‹ˆ ë„˜ ìŠ¤íŠ¸ë ˆìŠ¤ ë°›ì§€ë§ê³  ê°€ëŠ¥í•œ ë§Œí¼ ê¹Œì§€ë§Œ í˜ë‚´ê³  ì˜¤ì…”ìš”!!!,0,1,0,0,ko,977574797608501249,1710206080129872319,0w0_1919,https://twitter.com/0w0_1919/status/1710208793148350742
141,Fri Oct 06 08:22:04 +0000 2023,1710208792296816736,@Misaki_Genshin ãŠç–²ã‚Œæ§˜ã€œğŸ˜Š,0,0,0,0,ja,1616197554357809152,1710207813392429402,rina_gensin_517,https://twitter.com/rina_gensin_517/status/1710208792296816736
142,Fri Oct 06 08:22:03 +0000 2023,1710208788513603660,@fremniet jangan ntar nangis mengnya ğŸ˜¿,0,0,0,0,in,1429073812302311434,1710195747973665251,_Renaya,https://twitter.com/_Renaya/status/1710208788513603660
143,Fri Oct 06 08:22:00 +0000 2023,1710208772654911524,Eighth day  Details: - Daily training + assignments. - 24 runs Bud of Destruction. - Daily honor.  Freebies: - 6 units Entranced Ingenia. https://t.co/w8bGzn7FqF,0,0,0,0,en,1009827166190649344,1707657428396114022,lyonnsato,https://twitter.com/lyonnsato/status/1710208772654911524
144,Fri Oct 06 08:21:56 +0000 2023,1710208756343320578,ã‚¢ã‚¤ã‚³ãƒ³å¤‰ãˆã‚ˆã†ã‹ã¨ã‚¤ãƒ³ã‚¹ã‚¿ã§ã‚¢ãƒ³ã‚±ã¨ã£ã¦ã‚‹çµæœãŒé¢ç™½ã„â€¦ï¼ï¼Xã®æ°‘ã®æ–¹é”ã¯ã©ã£ã¡ãŒãŠå¥½ãã§ã™ã‹â€¦ï¼ï¼ã‚ˆã‹ã£ãŸã‚‰æ•™ãˆã¦ãã ã•ã„â€¦ï¼ï¼ https://t.co/dBD8Gwx9Om,0,0,0,2,ja,1701551650752909312,1710208756343320578,omeme_genshin13,https://twitter.com/omeme_genshin13/status/1710208756343320578
145,Fri Oct 06 08:21:53 +0000 2023,1710208743315812789,sorry 4da sudden shift of interest sonny angel oomfs ğŸ¤£ malas ako sa sonny pulls ko so sa genshin pulls na lang ako umaasa (disgusting) ğŸ˜µâ€ğŸ’«,0,0,0,5,tl,1673299333977112576,1710208743315812789,neuviToT,https://twitter.com/neuviToT/status/1710208743315812789
146,Fri Oct 06 08:21:46 +0000 2023,1710208715457184187,"The Solar Red OnePlus 11R, erstwhile known as the Genshin Impact edition in China, with this unique vegan leather back. Also comes with a rather insane 18GB LPDDR5 memory (instead of the 8/16GB LPDDR5X on the regular models). https://t.co/8lLUrae5B5",0,1,0,0,en,15760192,1710208715457184187,krazyfrog,https://twitter.com/krazyfrog/status/1710208715457184187
147,Fri Oct 06 08:21:43 +0000 2023,1710208704153604520,A retweet would be appreciated! ğŸ’—  Ëšà­¨à­§â‹†ï½¡Ëš â‹† Hello aku bawa 4 layout flash sale genshin impact dengan price only 2.500/ea layoutnya bisa di take sekarang juga â¤ï¸ğŸ’Â´ËË—  Payment: all wallet &amp  Qris   Mariee jajankk layout nya ğŸ˜¾ğŸ©·  #zonauang https://t.co/Y7zHRyph0V,0,0,17,0,in,857992895327911937,1710208704153604520,rawbloosom,https://twitter.com/rawbloosom/status/1710208704153604520
148,Fri Oct 06 08:21:39 +0000 2023,1710208687313416195,@Palmtop_Tiger77 @yooimalex @Ashikai Uhh what?? What I was saying was that genshin doesn't capitalize on its good combat system and star rail doesn't use the solid base it set for better and more integrated lore outside SU I wasn't talking about the characters at all ğŸ’€,0,0,0,0,en,1514228131498201090,1709959569839968531,Kocho__________,https://twitter.com/Kocho__________/status/1710208687313416195
149,Fri Oct 06 08:21:38 +0000 2023,1710208680220856602,Liverpul Genshin Taylor Sultan Gamers buaya thailand Genshin (2) balikpapan Dramagon,0,0,0,0,in,1550428861233373189,1710208680220856602,yosics_,https://twitter.com/yosics_/status/1710208680220856602
150,Fri Oct 06 08:21:34 +0000 2023,1710208666039910578,@shwidou KAYAAK GENSHIN KAAAN,0,1,0,0,in,1601783361336266752,1710207814730494244,youtubexvega,https://twitter.com/youtubexvega/status/1710208666039910578
151,Fri Oct 06 08:21:31 +0000 2023,1710208653947801781,@sbootao jangan ntar nangis dia ğŸ˜¿,0,0,0,0,in,1429073812302311434,1710195747973665251,_Renaya,https://twitter.com/_Renaya/status/1710208653947801781
152,Fri Oct 06 08:21:30 +0000 2023,1710208646229971200,In two weeks imma stream Genshin ğŸ‘€ Y'all know who I'm pulling for,0,0,0,0,en,1436761685117833223,1710208646229971200,Chikari_Ri,https://twitter.com/Chikari_Ri/status/1710208646229971200
153,Fri Oct 06 08:21:27 +0000 2023,1710208637376057669,@Focalorus_7 ãŸã—ã‹ã«w,0,0,0,0,ja,1695818463116455936,1709916934182219925,Jeri_Genshin,https://twitter.com/Jeri_Genshin/status/1710208637376057669
154,Fri Oct 06 08:21:26 +0000 2023,1710208633143992375,ã€åŸç¥ã€‘ãƒ•ã‚©ãƒ³ãƒ†ãƒ¼ãƒŒæ¢ç´¢ï¼ãƒ¢ãƒ‹ã‚¿ãƒ¼å¤‰ãˆã¦ã‹ã‚‰åˆã‚ã¦ã®é…ä¿¡ï¼ã€Genshin Impactã€‘ https://t.co/BFxa7VmEYW,1,0,0,0,ja,750336482548719616,1710208633143992375,so_lespace,https://twitter.com/so_lespace/status/1710208633143992375
155,Fri Oct 06 08:21:21 +0000 2023,1710208611266482348,ã‚„ã‚ã‚ï½«ï½«ï½« https://t.co/gpkt60SHwn,0,0,0,0,ja,1647760259682021376,1710208611266482348,NN_Genshin_,https://twitter.com/NN_Genshin_/status/1710208611266482348
156,Fri Oct 06 08:21:16 +0000 2023,1710208590353764399,FINALLY PULLED NEUVILLETTE!!!  Also got Fischl to C6 and a whole lot of Xingqiuâ€™s for extra Starglitter (already got him to C6 a few banners ago)  #GenshinImpact #Genshin https://t.co/2byMp3gZKG,0,0,0,0,en,875647417630064640,1710208590353764399,animegamelovr63,https://twitter.com/animegamelovr63/status/1710208590353764399
157,Fri Oct 06 08:21:11 +0000 2023,1710208566681092556,@LiF_Genshin èãæµã™ãƒªã‚µã•ã‚“ã®å„ªã—ã•ã‚’æ„Ÿã˜ã‚‹w,0,0,0,0,ja,1583775592713162753,1710204662106992910,grandpuuta,https://twitter.com/grandpuuta/status/1710208566681092556
158,Fri Oct 06 08:21:04 +0000 2023,1710208540475011357,"@GENSHINJUALBELI bishui 24k qiongji 18k minlin 12k sea of clouds 12k lisha 16k dragonspine 15k total 97k jadi 95k yaa sama leo, bisa langsung kerjain dan dapet free mats/cc juga",0,0,0,0,in,1642081142873661441,1710207016839651537,orennoiro,https://twitter.com/orennoiro/status/1710208540475011357
159,Fri Oct 06 08:21:04 +0000 2023,1710208538465738903,"I had to end early thanks to OBS. Internet was fine but OBS decided to drop frames, disconnect and reconnect. Thank you for the raid @Fractal_Fox_840. I'll be back on Saturday with Genshin Impact. I sent the raid over to @Slender7Last",0,0,0,0,en,44553690,1710208538465738903,MrMDub4,https://twitter.com/MrMDub4/status/1710208538465738903
160,Fri Oct 06 08:20:57 +0000 2023,1710208511660155027,@genshinBTS Wah boleh banget nderrr dengan 35k sudah selesai nih ya seluruhnya sampai terima jadi aja dan sudah dengan bonus juga^^â¤ï¸~,0,0,0,0,in,1009827166190649344,1710207904832463283,lyonnsato,https://twitter.com/lyonnsato/status/1710208511660155027
161,Fri Oct 06 08:20:53 +0000 2023,1710208492974297193,@Genshin_Box That's diluc to me ngl,0,0,0,0,en,1523107311841067008,1709884219370111155,Il_Irgo,https://twitter.com/Il_Irgo/status/1710208492974297193
162,Fri Oct 06 08:20:52 +0000 2023,1710208487379370441,@kevinkwijayaa 10 sih klo lagi ada rejekinya hehe ğŸ˜,0,1,0,0,in,1429073812302311434,1710195747973665251,_Renaya,https://twitter.com/_Renaya/status/1710208487379370441
163,Fri Oct 06 08:20:48 +0000 2023,1710208471889797128,@miyochiro @GENSHINJUALBELI @VynzA999 @kkafhime trimakacii cintaku &lt 3,0,0,0,0,in,1652386707696930817,1710207235719356734,uviatrix,https://twitter.com/uviatrix/status/1710208471889797128
164,Fri Oct 06 08:20:47 +0000 2023,1710208467364168127,akhirnya hujannnnnn,0,0,0,0,in,1488636862591758337,1710208467364168127,dotzore,https://twitter.com/dotzore/status/1710208467364168127
165,Fri Oct 06 08:20:46 +0000 2023,1710208465292169478,@r__06060916 ê‰‚ê‰‚ï½¥á´—,0,0,0,0,und,1485166216079572993,1710032456005689664,Misaki_Genshin,https://twitter.com/Misaki_Genshin/status/1710208465292169478
166,Fri Oct 06 08:20:44 +0000 2023,1710208456920293386,@ReqrisXl @D0YBt7rKq3mna6l @genshin_mia_25 è¦ªå­æƒã£ã¦ã‚„ã°ã™ãwww,0,0,0,0,ja,4924642904,1709946596581146805,7_u8j,https://twitter.com/7_u8j/status/1710208456920293386
167,Fri Oct 06 08:20:39 +0000 2023,1710208434866634984,"@GENSHINJUALBELI hewwo! ini PL taro yaa kaa, buat batu elemennya bisa taro bantu craft. kalau ndak ada sama sekali, taro bantu ngeboss tp ada additional fee yaa per run boss. banyak bonus ingame selama pengerjaan, bisa req mats lain juga &lt 3 https://t.co/4D9pRcL6tE",0,0,0,0,in,1652386707696930817,1710207235719356734,uviatrix,https://twitter.com/uviatrix/status/1710208434866634984
168,Fri Oct 06 08:20:38 +0000 2023,1710208431494427024,@rina_gensin_517 ã‚ã‚ŠãŒã¨ã€œ,0,0,0,1,ja,1485166216079572993,1710032456005689664,Misaki_Genshin,https://twitter.com/Misaki_Genshin/status/1710208431494427024
169,Fri Oct 06 08:20:37 +0000 2023,1710208427002315003,@Jeri_Genshin å†¬ã«ãªã£ãŸã‚‰å¤§å¯’æ³¢ã¨ã‹æ¥ãã†,0,1,0,0,ja,1666952732,1709916934182219925,Focalorus_7,https://twitter.com/Focalorus_7/status/1710208427002315003
170,Fri Oct 06 08:20:31 +0000 2023,1710208398934106282,Hari ini hidupku hampa krn blom kelar daily genshin sama belom liat store valo,0,1,0,0,in,866414248544485376,1710208398934106282,neutellla,https://twitter.com/neutellla/status/1710208398934106282
171,Fri Oct 06 08:20:29 +0000 2023,1710208392273527176,SAYAAAAAAAAANNNNNNNNNNNGGGGGGGGGGG https://t.co/Sp2UPjTRbr,0,0,0,0,in,1303741098976665600,1710208392273527176,mentally_eels_,https://twitter.com/mentally_eels_/status/1710208392273527176
172,Fri Oct 06 08:20:28 +0000 2023,1710208388574179480,@Hyuga_GNSN ã‚ã‚ŠãŒã¨ã†ã”ã–ã„ã¾ã™ê‰‚ê‰‚ï½¥á´—,0,0,0,1,ja,1485166216079572993,1710032456005689664,Misaki_Genshin,https://twitter.com/Misaki_Genshin/status/1710208388574179480
173,Fri Oct 06 08:20:25 +0000 2023,1710208377497010317,@genshinBTS 40k all clear yaa nder sama thaeeya&lt 3 dapet loyalti card and aku bakal ambilin hydroculus selama perjalanan juga kalo nemu! bonus mats by req juga yaa,0,0,0,0,in,1401750826813583361,1710207904832463283,kleeluvyou,https://twitter.com/kleeluvyou/status/1710208377497010317
174,Fri Oct 06 08:20:24 +0000 2023,1710208370677027163,@targalyen Akun genshin,0,1,0,0,tl,2183824909,1710208247142244643,Evasioned,https://twitter.com/Evasioned/status/1710208370677027163
175,Fri Oct 06 08:20:16 +0000 2023,1710208337521131828,@ChappyGEN ã‚ã‚ŠãŒã¨ã†ã”ã–ã„ã¾ã™â€¼ï¸ ê‰‚ê‰‚ï½¥á´—,0,0,0,0,ja,1485166216079572993,1710032456005689664,Misaki_Genshin,https://twitter.com/Misaki_Genshin/status/1710208337521131828
176,Fri Oct 06 08:20:13 +0000 2023,1710208325164659042,@KUMANO2525 ã‚ã–ã—ã—ï¼ï¼é ‘å¼µã£ãŸï¼ï¼,0,0,0,0,ja,1555152750219931654,1710176999510327582,forte_genshin,https://twitter.com/forte_genshin/status/1710208325164659042
177,Fri Oct 06 08:20:11 +0000 2023,1710208318604722248,@Minero88260906 ã‚€ãšã„,0,0,0,0,ja,1427043674077028353,1710195936885178858,imu_Genshin,https://twitter.com/imu_Genshin/status/1710208318604722248
178,Fri Oct 06 08:20:05 +0000 2023,1710208290523668678,Get to know your moots! List 10 things you're really into   Football (chelsea roma and rouen) Space Biologie Music (a lot of genre) Ghost Videos games (genshin mostly) I love hearing people talk about what they love  I love the cold  I hate summer  I play bass,0,0,0,0,en,1688689675790114816,1710208290523668678,noe_cirrus_,https://twitter.com/noe_cirrus_/status/1710208290523668678
179,Fri Oct 06 08:19:55 +0000 2023,1710208250875203722,@genshin_sam ì´ë²ˆì— ë²„ì „ ë©”ì¸ì´ë²¤ì´ ë¦¬ì›”ì´ì—ìš” í˜¸ë‘ë‘ ë²¤í‹°ë‘ ì‹œì“°ê¸°ëŒ€íšŒ í•œë‹¤ë˜ëˆã…‹ã…‹ ê¸°ëŒ€..,0,1,0,0,ko,1519915697740349440,1710176279184789941,Mooji__04,https://twitter.com/Mooji__04/status/1710208250875203722
180,Fri Oct 06 08:19:49 +0000 2023,1710208223863803979,@riku__genshin (ã£`Ï‰Â´c)ï½·ï¾ï¾˜ï½¨,0,0,0,0,ja,1293507628287451139,1709340134343405591,rumi__genshin,https://twitter.com/rumi__genshin/status/1710208223863803979
181,Fri Oct 06 08:19:43 +0000 2023,1710208198672625795,one piece  jujutsu kaisen  berserk spiderman a song of ice and fire genshin impact collezionare cd e vinili mac miller over the garden wall bojack horseman icebergs videos su youtube rusty lake community,0,0,0,1,en,1449118459326042117,1710208198672625795,nuvolett0,https://twitter.com/nuvolett0/status/1710208198672625795
182,Fri Oct 06 08:19:43 +0000 2023,1710208197292888314,"@GENSHINJUALBELI hai kak! bener banget, kl inc morawits itu smuanya yg disebutin udah termasuk yaa. pricinya tergantung skrg neuvinya level berapa. estimasi sesuai resin dan dapet bonus daily ğŸ¥°ğŸ«¶ğŸ» https://t.co/qaHmTruwES",0,0,0,0,in,1488636862591758337,1710207235719356734,dotzore,https://twitter.com/dotzore/status/1710208197292888314
183,Fri Oct 06 08:19:40 +0000 2023,1710208187029508113,"æ¥½ã—ã„ã­ğŸ’•  #ã‚†ãã®ã•ã¤ã #GirlsFrontline #C101  Original: Catheri30852179 #genshin #digitalart #ì†Œë…€ì „ì„  #ã‚¢ãƒ¼ã‚¯ãƒŠã‚¤ãƒ„ #ç§ã¯å±±æ´¾ #æ¢åµ #TaskForceDefy   Original: AprilMi73740164 https://t.co/CKVoidpTIU""",0,0,0,0,ja,1654751706176184320,1710208187029508113,MeladoRona60458,https://twitter.com/MeladoRona60458/status/1710208187029508113
184,Fri Oct 06 08:19:36 +0000 2023,1710208169174241351,@RQQsXlRgOxMlgoy @genshin_meme_jp ç„¡å‡¸ã‚¤ã‚¨ãƒ©ãƒ³ã ã¨è’¸ç™ºå®‰å®šã—ãªã„ã§ã™ã—ã­ è¡Œç§‹ã¯è¶…é–‹èŠ±ã«å–ã‚‰ã‚Œã¾ã™,0,0,0,0,ja,407555361,1709901257270272339,gineo667,https://twitter.com/gineo667/status/1710208169174241351
185,Fri Oct 06 08:19:27 +0000 2023,1710208133526622405,@genshin_meme_jp @ThisisSchmidi,0,0,0,0,qam,708303075153453056,1710142840171569251,Steve_Jack_,https://twitter.com/Steve_Jack_/status/1710208133526622405
186,Fri Oct 06 08:19:27 +0000 2023,1710208132688007313,@sumihito5 Î£à©§(â›â–¡â›âœ¿),0,0,0,0,und,1485166216079572993,1710032456005689664,Misaki_Genshin,https://twitter.com/Misaki_Genshin/status/1710208132688007313
187,Fri Oct 06 08:19:20 +0000 2023,1710208101679509637,ãƒ›ãƒ¨ãƒãŒå‡„ã„ã®ã¯ã€ãƒ›ãƒ¨ãƒ©ãƒœã‚„ãƒ›ãƒ¨ã‚¦ã‚£ã‚­ã€å…¬å¼ã‹ã‚‰ã®å®šæœŸçš„ãªãƒ‹ãƒ¥ãƒ¼ã‚¹ã‚„ã‚¦ã‚§ãƒ–ã‚¤ãƒ™ã€ã‚ªãƒ•ãƒ©ã‚¤ãƒ³ã‚¤ãƒ™ãƒ³ãƒˆã€ã‚³ãƒ©ãƒœä¼ç”»â€¦â€¦ ã¨ã«ã‹ãã‚²ãƒ¼ãƒ ä»¥å¤–ã®ãƒ¡ãƒ‡ã‚£ã‚¢å±•é–‹åŠ›ã‚‚ã•ãªãŒã‚‰ã€ãƒ¦ãƒ¼ã‚¶ãƒ¼ã®ã€Œå¥½ãã€ã‚’è‡ªç™ºçš„ã«å…±æœ‰ã•ã›ã¦ãã‚Œã‚‹ã€Œå°‚é–€çš„ãªå ´ã€ã‚’ä½œã£ã¦ãã‚Œã‚‹ã®å¤©æ‰,0,0,1,2,ja,1382023218723127297,1710208101679509637,NataNe_Genshin,https://twitter.com/NataNe_Genshin/status/1710208101679509637
188,Fri Oct 06 08:19:15 +0000 2023,1710208083753075141,"@genshinBTS 40k all clear sama leo yaa kak, bisa langsung aku kerjain sekarang juga dan dapet free mats/cc yuk",0,0,0,0,in,1642081142873661441,1710207904832463283,orennoiro,https://twitter.com/orennoiro/status/1710208083753075141
189,Fri Oct 06 08:19:15 +0000 2023,1710208081471418868,"enggak mute base buku, au, atau genshin ... soalnya enggak membuatku overwhelmed. entah ya, kalau baca menfess base di atas rasanya aku kayak hmm... :]""",0,1,0,0,in,1504583792396480513,1710207785605214245,vejnti,https://twitter.com/vejnti/status/1710208081471418868
190,Fri Oct 06 08:19:15 +0000 2023,1710208081055957475,"@Death_Master5 A ver, el Genshin es un poco............",0,1,0,0,es,126271397,1710206863592305009,Cere_Ender,https://twitter.com/Cere_Ender/status/1710208081055957475
191,Fri Oct 06 08:19:14 +0000 2023,1710208078438953011,ê°‘ì‘ìŠ¤ëŸ¬ìš´ ìš°ìš¸íŠ¸ ì£„ì†¡í•´ìš”... ë§ì€ ì´ë³„ì„ ê²ªì–´ì„œ ê·¸ëŸ°ì§€ ë¬´ì˜ì‹ì ìœ¼ë¡œ ìš°ìš¸íŠ¸ë¥¼ ì˜¬ë ¸ì–´ìš”...,0,0,0,0,ko,1498673085033156618,1710208078438953011,manna_genshin,https://twitter.com/manna_genshin/status/1710208078438953011
192,Fri Oct 06 08:19:13 +0000 2023,1710208074202644686,ã†ãƒ¼ã‚“ã€PCã§æ¯æ—¥ã‚„ã‚ŠãŸã„ã“ã¨ã£ã¦åŸç¥ã¨ãƒŸãƒŠã‚·ã‚´ã®ãƒ­ã‚°ã‚¤ãƒ³ãã‚‰ã„ã ãªã€‚ãƒŸãƒŠã‚·ã‚´ã¯ã‚¹ãƒãƒ›ã‹ã‚‰ãƒ­ã‚°ã‚¤ãƒ³ã§ãã‚‹ã‹ã‚‰ä»Šã®ã†ã¡ã‚„ã‚‹ã¹ãã¯æ¨¹è„‚å›ºã‚ã‚‹ãã‚‰ã„ã‹â€¦â€¦,0,0,0,0,ja,1537321679076339712,1710208074202644686,Murat_Genshin,https://twitter.com/Murat_Genshin/status/1710208074202644686
193,Fri Oct 06 08:19:12 +0000 2023,1710208067709948108,@GPs1k ã‚ã‚ŠãŒã¨â€¼ï¸ã€,0,0,0,1,ja,1485166216079572993,1710032456005689664,Misaki_Genshin,https://twitter.com/Misaki_Genshin/status/1710208067709948108
194,Fri Oct 06 08:19:11 +0000 2023,1710208064555725193,@_______77r ãŠç–²ã‚Œæ§˜ï½ï¼,0,1,0,1,ja,1420523614814707712,1710207943034159248,nyapi_genshin,https://twitter.com/nyapi_genshin/status/1710208064555725193
195,Fri Oct 06 08:19:08 +0000 2023,1710208053235388460,ç¯ç«ã‚†ã£ãã‚Šè¦‹ã‚‹ã‹ãƒ‰ãƒ©ã‚¤ãƒ–è¡Œãã‹,0,0,0,0,ja,1638405951400329218,1710208053235388460,genshin1542,https://twitter.com/genshin1542/status/1710208053235388460
196,Fri Oct 06 08:19:05 +0000 2023,1710208040186900779,@mira0w0yaaaa ã‚ã‚Œã¾ã,0,0,0,0,ja,1638833112661782528,1710206559954022515,tikaGenshin,https://twitter.com/tikaGenshin/status/1710208040186900779
197,Fri Oct 06 08:19:00 +0000 2023,1710208019752239302,ã‚µãƒ–ãƒãƒ£ãƒ³ï½  ã€åŸç¥ã€‘ãƒŒãƒ´ã‚£ã‚‚ã„ã„ã‘ã©ãƒªãƒã‚‚ã„ã„ãã€Œç„¡å‡¸ãƒªãƒãƒ¢ãƒãƒ‘ã‚¤ãƒ­ã€èºæ—‹12å±¤ å‰åŠ:72sã€Ver4.1ã€‘ https://t.co/CRL3CLduBs,0,0,0,9,ja,1387662332348702721,1710208019752239302,symphonygenshin,https://twitter.com/symphonygenshin/status/1710208019752239302
198,Fri Oct 06 08:18:52 +0000 2023,1710207985685787005,@destiny_genshin beautiful neuvi taking a sip of his water while looking at fontaine's extraordinary landscape &lt 3 https://t.co/AGGYYnLoKl,0,0,0,0,en,3342554512,1710097732327948327,xmrmoonlight,https://twitter.com/xmrmoonlight/status/1710207985685787005
199,Fri Oct 06 08:18:51 +0000 2023,1710207981726605755,lindungilah aku dari godaan fanmerch cf genshin yg gemas gemas,0,0,0,0,in,1656860574368829440,1710207981726605755,mentegabiruband,https://twitter.com/mentegabiruband/status/1710207981726605755
200,Fri Oct 06 08:18:49 +0000 2023,1710207972922494997,@destiny_genshin https://t.co/aFchZOZTL0,0,0,0,0,qme,1335781750140755970,1710097732327948327,cyzznotsize,https://twitter.com/cyzznotsize/status/1710207972922494997
201,Fri Oct 06 08:18:49 +0000 2023,1710207972222341351,@genshin_meme_jp ã‚¦ãƒå¨˜ã®SDã®ä½œã‚Šæ–¹ã‚‚ã“ã‚“ãªæ„Ÿã˜ã ã‹ã‚‰ãƒ›ãƒ¨ãƒã«ã‚‚é ‘å¼µã£ã¦ä½œã£ã¦æ¬²ã—ã„,0,0,0,0,ja,1148965277452816385,1710173042247344210,nonemu203710,https://twitter.com/nonemu203710/status/1710207972222341351
202,Fri Oct 06 08:18:36 +0000 2023,1710207917629333943,@GENSHINJUALBELI @uviatrix @VynzA999 @kkafhime majuu kakaa ğŸ¥³ğŸ’œ,0,1,1,1,hi,1595328220278423552,1710207235719356734,miyochiro,https://twitter.com/miyochiro/status/1710207917629333943
203,Fri Oct 06 08:18:36 +0000 2023,1710207916886970519,âœ¨CUERPO Y MENTE + 3 LOGROS EXTRAS ( MISION DE MUNDO Y PUZZLES ) | GENSHIN IMPACT 4.1  ğŸ‘‰https://t.co/qO4IO3GqQD  #GenshinImpact #Genshin #Fontaine #Arlecchino #Lyney #Lynette #Tartaglia #Nobile #Navia #Furina #Neuvillette #Paimon #Wriothesley #Clorinde #Pneuma #Ousia https://t.co/iDWOz0wOfO,0,0,0,1,es,1377368139764269061,1710207916886970519,KonatoChannel,https://twitter.com/KonatoChannel/status/1710207916886970519
204,Fri Oct 06 08:18:33 +0000 2023,1710207904832463283,/joki quest ini berapa? https://t.co/1Xb0dhMeIn,0,23,0,0,in,1538794715751288832,1710207904832463283,genshinBTS,https://twitter.com/genshinBTS/status/1710207904832463283
205,Fri Oct 06 08:18:32 +0000 2023,1710207902072570192,ê•¤ â€” ê•¤ DONE ( DAY 5 âœ… )  ê•¤! Daily Training 500 Point ê•¤! Spend 240 Trailblaze Power ê’° Calyx ê’± ê•¤! Claim &amp  Renew Assignment ê•¤! Claim Daily Battle Pass https://t.co/e9ELjEBDCL,0,0,0,0,en,1639269224337088515,1708747453179273307,cyyaelou,https://twitter.com/cyyaelou/status/1710207902072570192
206,Fri Oct 06 08:18:30 +0000 2023,1710207893499461967,@genshin_meme_jp ãŠã¤ã±ã„ã±ã„ã±ã„......ãƒ‘ãƒ¯ã‚¡ã‚¢ã‚¢ãƒ¼ãƒ¼ãƒ¼ï¼ï¼ï¼ï¼,0,0,0,0,ja,1331517399179268096,1710142840171569251,kazuton2018gbwc,https://twitter.com/kazuton2018gbwc/status/1710207893499461967
207,Fri Oct 06 08:18:27 +0000 2023,1710207881260487110,@Genshin_7 ç¥ãªã®ï¼Ÿ,0,0,0,0,ja,1431431864120528902,1710144113075450240,baby11b1,https://twitter.com/baby11b1/status/1710207881260487110
208,Fri Oct 06 08:18:27 +0000 2023,1710207880287117783,@EphiamOricuna Genshin Impact. It has tons of dialogue but you absolutely don't have to engage in the story all the time if you don't wanna. Just running around with your favorite characters and collecting items/battling easy mobs is more than enough most days.,0,0,0,0,en,2414802619,1710053761115111923,SuzkiFI,https://twitter.com/SuzkiFI/status/1710207880287117783
209,Fri Oct 06 08:18:26 +0000 2023,1710207877699313919,"@AquaDefiant @Rumaniala It's kinda disappointing how in the world of genshin and star rail filled with all sorts of races and species, the only playable characters are either humans or half humans. Like come on, give us a sentient tree or a dog",0,0,0,1,en,1357275002442289154,1710023004292284636,BreadheadThe,https://twitter.com/BreadheadThe/status/1710207877699313919
210,Fri Oct 06 08:18:24 +0000 2023,1710207866479476794,genshin a ten... ğŸ˜­ğŸ˜­ğŸ˜­ğŸ˜­ğŸ˜­ğŸ˜­ğŸ˜­ğŸ˜­ğŸ˜­ğŸ˜­ğŸ˜­ alexAAAAA ğŸ˜­ğŸ˜­ğŸ˜­ ti voglio bene non morire perÃ²,0,0,0,0,it,1558991059555946498,1710207866479476794,diecilee,https://twitter.com/diecilee/status/1710207866479476794
211,Fri Oct 06 08:18:19 +0000 2023,1710207848884674970,@dazaipallet THIS IS A BEAUTIFUL DESCRIPTION OF COLORS AWWWW &lt 333 I ADORE YOUR AESTHETIC SENSE ğŸ«¶ğŸ«¶,0,0,0,0,en,1536739180402774017,1709602153671893486,ashilies,https://twitter.com/ashilies/status/1710207848884674970
212,Fri Oct 06 08:18:15 +0000 2023,1710207828651102552,Los exÃ¡menes a las 8 am deberÃ­an ser oficialmente ilegales si me lo permitis,0,0,0,1,es,1608450874900193281,1710207828651102552,GenshinRinpact,https://twitter.com/GenshinRinpact/status/1710207828651102552
213,Fri Oct 06 08:18:13 +0000 2023,1710207820845768864,ç§‹é™½ #åŸç¥ #GenshinImpact #ç…™ç·‹ #yanfei https://t.co/JLXGLoxG4p,0,1,1,3,ja,1358331469379166213,1710207820845768864,Vit_Genshin,https://twitter.com/Vit_Genshin/status/1710207820845768864
214,Fri Oct 06 08:18:11 +0000 2023,1710207813392429402,ãŒã“ãŠã‚ã€œ  #ã„ã„ã­ã—ãŸäººå…¨å“¡ãƒ•ã‚©ãƒ­ãƒ¼ã™ã‚‹ã€€#ãƒ•ã‚©ãƒ­ãƒ100,0,2,0,11,ja,1485166216079572993,1710207813392429402,Misaki_Genshin,https://twitter.com/Misaki_Genshin/status/1710207813392429402
215,Fri Oct 06 08:18:08 +0000 2023,1710207802013286411,UIâ€™s Loli God's Requiem Genshin Cover [Longer Version] | ç²›è–!! ãƒ­ãƒªç¥ãƒ¬ã‚¯ã‚¤ã‚¨ãƒ â˜† ... https://t.co/88ArrLzkjr @YouTubeã‚ˆã‚Š,0,0,0,0,ja,1523351143627190272,1710207802013286411,Ichiru_8190,https://twitter.com/Ichiru_8190/status/1710207802013286411
216,Fri Oct 06 08:18:05 +0000 2023,1710207786997760055,#ãƒ‰ãƒ¼ãƒ«ã‚ºãƒ•ãƒ­ãƒ³ãƒˆãƒ©ã‚¤ãƒ³ Ripper Swap - Red Alert24çš„æ’ç”» #digitalart #genshin #å°‘å¥³å‰ç·š #ãƒ‰ãƒ«ãƒ•ãƒ­å¤ä¼‘ã¿2023 #å¤§é‡æŸšå¸ƒå­ #GFL5Year   Source: https://t.co/SSMi3QqR9R https://t.co/JHBocv5z6I,0,0,0,0,zh,1539052269454315521,1710207786997760055,Jennife43738036,https://twitter.com/Jennife43738036/status/1710207786997760055
217,Fri Oct 06 08:18:00 +0000 2023,1710207765904576740,@Z55wTYfMwtkH2GZ ã‚ã‚ŠãŒã¨ã†ã”ã–ã„ã¾ã—ãŸï¼,0,1,0,0,ja,1522087294508826625,1710202619824865575,genshin_sun,https://twitter.com/genshin_sun/status/1710207765904576740
218,Fri Oct 06 08:17:58 +0000 2023,1710207759193350249,Directito de HSR y despuÃ©s Genshin uwu,0,1,0,0,es,830081148890017793,1710207759193350249,chris8331540,https://twitter.com/chris8331540/status/1710207759193350249
219,Fri Oct 06 08:17:47 +0000 2023,1710207713987461605,but there's so many one piece references in genshin this is wild,0,1,0,0,en,303007386,1710207713987461605,enmazone,https://twitter.com/enmazone/status/1710207713987461605
220,Fri Oct 06 08:17:40 +0000 2023,1710207684471931248,"@SAD_istfied (gonna rewrite what i just commented)  canâ€™t wait to watch this aaaaa! Bet itâ€™ll be as amazing as always. I havenâ€™t been up to date with the genshin fandom lately, but i absolutely LOVE the game",0,0,0,0,en,1375776352759128064,1709471532769312834,cookiefuntastic,https://twitter.com/cookiefuntastic/status/1710207684471931248
221,Fri Oct 06 08:17:38 +0000 2023,1710207675848675460,KBSã‚ãŸã‚Œã‚ãŸã‚Œã‚ãŸã‚Œ,0,0,0,0,ja,1549285053842485248,1710207675848675460,ituki_genshin,https://twitter.com/ituki_genshin/status/1710207675848675460
222,Fri Oct 06 08:17:36 +0000 2023,1710207664989610149,@Teriri_Kaede @skgl_thx é€±ï¼”ã§é£Ÿã¹ã¦ã‚‹ã‹ã‚‰ãƒ‰ãƒ­ãƒ‰ãƒ­ãªã‚“ã ã‚ˆï¼é ­ãƒ†ãƒ³ãƒ—ãƒ¬ã ã‚ˆï¼,0,0,0,0,ja,1615925709343698944,1710146635014213745,ciero_genshin,https://twitter.com/ciero_genshin/status/1710207664989610149
223,Fri Oct 06 08:17:35 +0000 2023,1710207662607200427,"@destiny_genshin Dear self, just hang in there everything will be fine proud of u for still fighting hugs",0,0,0,0,en,1435987834762981378,1710104865802977643,love_yaeee,https://twitter.com/love_yaeee/status/1710207662607200427
224,Fri Oct 06 08:17:34 +0000 2023,1710207658354180588,"@babufess Genshin player ketika ada char cowok OP. ğŸ˜­ğŸ˜‚   Sesekali lah ya, masa char ciwik teruss wkwk",0,0,0,0,in,1276438363759759361,1710096544198988248,niel_vlnt,https://twitter.com/niel_vlnt/status/1710207658354180588
225,Fri Oct 06 08:17:32 +0000 2023,1710207651110601120,@ren_puraede é¡”å°ã•ãã—ãŸã‚‰é ­ã§ã‹ããªã‚‹,0,0,0,0,ja,1427043674077028353,1710195936885178858,imu_Genshin,https://twitter.com/imu_Genshin/status/1710207651110601120
226,Fri Oct 06 08:17:30 +0000 2023,1710207640746557736,ã¾ã é¢¨ãŒå¼·ã„ğŸƒ,0,0,0,1,ja,1549245210005483521,1710207640746557736,karon_genshin,https://twitter.com/karon_genshin/status/1710207640746557736
227,Fri Oct 06 08:17:29 +0000 2023,1710207639001477352,"@suomianka if the character is even slightly mean, makes mistakes or has an attitude theyâ€™re immediately written off as â€œbadâ€ characters and people are peer pressured into disliking them. itâ€™s so weird. Iâ€™ve only seen it in the genshin fandom.",0,0,0,0,en,1033043328030392320,1710062008719085800,rxtroka,https://twitter.com/rxtroka/status/1710207639001477352
228,Fri Oct 06 08:17:29 +0000 2023,1710207635432018073,@PhillyBeatzU Are you joking? Have you ever heard of Legend of Zelda Breath of the Wild? Tears of the Kingdom? Or Genshin Impact? Or even Cassette Beasts? Or Assassin's Creed Odyssey? Or Assassin's Creed Origins? Or Assassin's Creed Valhalla?,0,4,0,0,en,1019969061185376256,1709096326070231546,KChips_,https://twitter.com/KChips_/status/1710207635432018073
229,Fri Oct 06 08:17:27 +0000 2023,1710207630822850988,ã€cosplay/ã‚³ã‚¹ãƒ—ãƒ¬ã€‘  åŸç¥ / Genshin Impact  _ç¥é‡Œç¶¾äºº_  Photoï¼šnauæ§˜ https://t.co/2wct7X8rsF,1,0,3,5,ja,1613682768231419906,1710207630822850988,syuisyuix,https://twitter.com/syuisyuix/status/1710207630822850988
230,Fri Oct 06 08:17:20 +0000 2023,1710207599789195627,ãƒ‡ã‚¢ãƒªãƒ³ã‚°ã‚¿ã‚¯ãƒˆã¯ä»•æ–¹ãªã„ã­ã€‚ ã‚ã®æ€ªæˆ‘ã§å¼•é€€ã—ãªã‹ã£ãŸã®ãŒã‚¹ã‚´ã‹ã£ãŸã—ã€ã‚½ãƒ€ã‚·ã‚‚ã‚‚ã†æ°—æŒã¡åˆ‡ã‚Œã¦ã„ãŸã—ã€ã—ã‚‡ã†ãŒãªã„,0,0,0,0,ja,1330847716809736192,1710207599789195627,monyo_genshin,https://twitter.com/monyo_genshin/status/1710207599789195627
231,Fri Oct 06 08:17:19 +0000 2023,1710207595255070988,@undei_ ãˆã¸,0,0,0,0,ja,1427043674077028353,1710083466795348334,imu_Genshin,https://twitter.com/imu_Genshin/status/1710207595255070988
232,Fri Oct 06 08:17:16 +0000 2023,1710207582969958811,"@GENSHINJUALBELI 2k/% kak, take all 90k yuk bisa langsung dikerjakan avail Qris ^^ ã…¤WhatsApp: https://t.co/96tHcaLBE9     Telegram   :  https://t.co/dTJvRP3FLm https://t.co/dfEGOw4ooA",0,0,0,0,in,793957776015826944,1710207016839651537,red_dustt,https://twitter.com/red_dustt/status/1710207582969958811
233,Fri Oct 06 08:17:10 +0000 2023,1710207556839522537,@Norio781942126u The way I can still see scara's hat in the genshin men amalgamation,0,0,0,1,en,1083200654233919490,1710023004292284636,H_Hydr0gen,https://twitter.com/H_Hydr0gen/status/1710207556839522537
234,Fri Oct 06 08:17:09 +0000 2023,1710207554817827067,@GENSHINJUALBELI Bishui plain : 12k Qiongji : 18k Minlin : 12k Sea of clouds : 12k Lisha : 16k Dgs : 10k  Totalnya 80k ya kakkk! Nanti dibonusin crystalcore/mats lain! Selesai hari ini amaan aku hafal liyue dgs &gt &lt ,0,0,0,0,in,1372507728891973632,1710207016839651537,paradisaeu,https://twitter.com/paradisaeu/status/1710207554817827067
235,Fri Oct 06 08:17:05 +0000 2023,1710207534756433986,3æ—¥PCè§¦ã‚Œãªããªã‚‹äººé–“ãŒä»Šã®ã†ã¡ã«ã‚„ã£ã¦ãŠãã“ã¨ã£ã¦ãªãƒ¼ã‚“ã ,0,0,0,0,ja,1537321679076339712,1710207534756433986,Murat_Genshin,https://twitter.com/Murat_Genshin/status/1710207534756433986
236,Fri Oct 06 08:17:03 +0000 2023,1710207529199018210,@hexthecreator Ingin mengajukan oc ku sendiri apakah bisa ğŸ™ğŸ» https://t.co/XbewoTcEAZ,0,0,0,0,in,1453361725105860612,1710191620682055744,xbladie,https://twitter.com/xbladie/status/1710207529199018210
237,Fri Oct 06 08:17:02 +0000 2023,1710207523389587658,Were this one of my Lady B or Genshin pieces I'd get someone being somewhat critic (although it is clear that Klimt always cared abt people around him and erasing that is ridiculous) but bro this piece in particular?? ğŸ˜­,0,1,0,0,en,1290589045463175168,1710206561396670518,sam_art66,https://twitter.com/sam_art66/status/1710207523389587658
238,Fri Oct 06 08:17:01 +0000 2023,1710207521531834697,JAJANNN,0,1,1,1,es,1549761204117073920,1710207521531834697,fremniet,https://twitter.com/fremniet/status/1710207521531834697
239,Fri Oct 06 08:16:45 +0000 2023,1710207454536233344,ä»Šæ—¥ã‚‚ã‚ã£ã¡ã‚ƒã¤ã‹ã‚ŒãŸ,0,0,0,0,ja,1638405951400329218,1710207454536233344,genshin1542,https://twitter.com/genshin1542/status/1710207454536233344
240,Fri Oct 06 08:16:44 +0000 2023,1710207448618025253,@goldmiyako21071 ã†ã¡ã¯æ˜”é»’ã„å½±ã¨ç™½ã„å½±ã¨ã‹è¦‹ãŸã— ãƒˆãƒ³ãƒãƒ«èµ°è¡Œä¸­ã«å¥³æ€§ã®æ‚²é³´ã¨ã‹èã„ãŸã‚ˆï¼,0,0,0,0,ja,1549245210005483521,1710159552958824551,karon_genshin,https://twitter.com/karon_genshin/status/1710207448618025253
241,Fri Oct 06 08:16:42 +0000 2023,1710207439986139332,@rumi__genshin (à¹‘ à¸´Ù¼ à¸´)ï¾ï¾ï½¯,0,0,0,1,ja,1682427297733939200,1709733426054705657,riku__genshin,https://twitter.com/riku__genshin/status/1710207439986139332
242,Fri Oct 06 08:16:40 +0000 2023,1710207430695780614,Anyone have neon lion? #adoptme #adoptmetrading #genshinimpact #roylaehigh #royalehightrades #adoptmetrades,0,0,0,0,en,1257306463711555584,1710207430695780614,Its_StarIing,https://twitter.com/Its_StarIing/status/1710207430695780614
243,Fri Oct 06 08:16:39 +0000 2023,1710207428250480806,@yuiyamaguti 3ã‚³ã‚¹ã‚¹ãƒšãƒ«ã§ã™ã‘ã©å¤§æ§»å…¥ã‚Šã¾ã™ã‹?,0,0,0,0,ja,1666051668918804481,1710207071009042502,Waka_Genshin730,https://twitter.com/Waka_Genshin730/status/1710207428250480806
244,Fri Oct 06 08:16:38 +0000 2023,1710207423506759752,@Genshin_Mako17 DMã§ã„ã„ã‹ã‚‰IDé€ã£ã¦ï½ï¼,0,0,0,1,ja,1634155329989779462,1710203450116759928,mikemike_zzZ,https://twitter.com/mikemike_zzZ/status/1710207423506759752
245,Fri Oct 06 08:16:35 +0000 2023,1710207409992708304,@kora9095008290 èª¤å­—ã£ã¦ãŸwè½ã¡ã¦ã“ã‚“ãã¦ã‚‚ã“ã“ã«ã„ã‚‹ã˜ã‚ƒã‚“â™¡ã£ã¦è¨€ã„ãŸã‹ã£ãŸã€ã‚ãºã·æä¾›ã—ã¦ãã‚Œã‚‹å¥³ç¥æ§˜ãŒã•â™¡ã‚ãºã·ã¯å¥³ç¥ã¡ã‚ƒã†wwwwwwww,0,0,0,0,ja,1701551650752909312,1710088848758518011,omeme_genshin13,https://twitter.com/omeme_genshin13/status/1710207409992708304
246,Fri Oct 06 08:16:26 +0000 2023,1710207373644865798,Also Genshin after the first iteration of FFXIV but whatever.,0,0,0,0,en,1452338669860241408,1710206009334219190,EorzeaSchmidt,https://twitter.com/EorzeaSchmidt/status/1710207373644865798
247,Fri Oct 06 08:16:09 +0000 2023,1710207301976494381,kaveh genshin impact,0,0,0,1,en,1144030277871853568,1710207301976494381,leonyordo,https://twitter.com/leonyordo/status/1710207301976494381
248,Fri Oct 06 08:15:55 +0000 2023,1710207241914384480,@hinata_genshin_ å¥½ãï¼,0,0,0,0,ja,1308341988882702343,1709933262242709708,mukugoi1,https://twitter.com/mukugoi1/status/1710207241914384480
249,Fri Oct 06 08:15:51 +0000 2023,1710207224461848675,@Axew_miho1018 ãã•,0,1,0,0,ja,1638405951400329218,1710190983693135883,genshin1542,https://twitter.com/genshin1542/status/1710207224461848675
250,Fri Oct 06 08:15:49 +0000 2023,1710207219860742304,@yunanogeem ç•°éƒ·æ„ŸãŒã©ã†ã—ã¦ã‚‚è‹¦æ‰‹,0,1,0,1,ja,1581916297448763393,1710140253389062147,koimaru_genshin,https://twitter.com/koimaru_genshin/status/1710207219860742304
251,Fri Oct 06 08:15:49 +0000 2023,1710207216962490643,@mikemike_zzZ ã‚„ã‚ŠãŸã„ï¼,0,1,0,0,ja,1487034150418714626,1710203450116759928,Genshin_Mako17,https://twitter.com/Genshin_Mako17/status/1710207216962490643
